iteracion,timestamp,t_prediccion_us,t_update_us,t_callback_total_us,n_landmarks_visibles
4,1779738711.724,219710.634,377435.112,628745.380,4
8,1779738711.900,74078.536,99012.739,173771.291,4
12,1779738712.120,34829.493,181802.804,218525.334,4
16,1779738712.359,145189.405,92913.735,238826.666,4
20,1779738712.507,36914.062,106697.290,147181.933,4
24,1779738712.592,25695.411,56163.065,83631.032,4
28,1779738712.808,135872.181,79426.593,215977.871,4
32,1779738712.924,50108.300,64247.939,115012.674,4
36,1779738713.135,50061.260,130918.066,181667.172,4
40,1779738713.292,41044.828,103863.065,145618.029,4
44,1779738713.495,62165.419,92988.866,155827.041,4
48,1779738713.811,174962.653,100114.459,275758.169,4
52,1779738713.927,31130.260,83126.977,114918.823,4
56,1779738714.112,40462.034,125553.988,166974.210,4
60,1779738714.219,23332.699,50760.285,75132.485,4
64,1779738714.535,43327.419,140539.443,185033.473,4
68,1779738714.707,43508.791,92882.474,139140.031,4
72,1779738714.931,44668.412,132970.706,178369.903,4
76,1779738715.139,58833.459,106351.864,165855.660,4
80,1779738715.354,32611.604,169515.232,202775.683,4
84,1779738715.532,56218.305,106473.737,163384.129,4
88,1779738715.716,49144.552,107998.852,157815.349,4
92,1779738715.928,77443.726,98199.003,176327.795,4
96,1779738716.318,98038.081,249955.177,348659.825,4
100,1779738716.823,282675.051,221092.037,504446.415,4
104,1779738717.326,256245.294,245294.736,502208.675,4
108,1779738717.562,66765.691,164610.820,232058.756,4
112,1779738717.749,61256.241,115137.646,177069.402,4
116,1779738717.935,56083.244,105345.317,162098.547,4
120,1779738718.627,188352.704,295233.186,484262.115,4
124,1779738719.036,123597.831,281909.455,408297.922,4
128,1779738719.292,181547.592,72968.957,255189.015,4
132,1779738719.448,26394.468,127719.429,155369.387,4
136,1779738719.529,23730.573,53032.546,77818.950,4
140,1779738719.634,29283.353,61127.941,91075.589,4
144,1779738719.834,31354.182,56199.714,88220.633,4
148,1779738720.046,37219.045,70874.718,108754.598,4
152,1779738720.241,39423.645,52318.961,92548.072,4
156,1779738720.412,23854.375,51648.766,76603.279,4
160,1779738720.636,29738.957,63006.967,93417.910,4
164,1779738720.850,28903.760,85027.015,114599.431,4
168,1779738720.935,29784.848,53965.914,84399.019,4
172,1779738721.037,27095.734,63582.600,91409.272,4
176,1779738721.242,28541.506,69453.694,98712.278,4
180,1779738721.422,26981.772,53167.467,80918.238,4
184,1779738721.626,26838.772,61329.021,89008.820,4
188,1779738721.839,37431.997,61854.365,100017.199,4
192,1779738722.036,36288.707,62056.239,99016.230,4
196,1779738722.188,25658.650,53077.517,80154.701,4
200,1779738722.273,25413.528,57407.455,83493.601,4
204,1779738722.422,31517.003,54294.687,86484.998,4
208,1779738722.629,33154.658,58765.367,94256.598,4
212,1779738722.826,32151.079,57491.787,90291.682,4
216,1779738723.029,30997.429,58858.578,91247.800,4
220,1779738723.229,33524.922,58889.700,93093.917,4
224,1779738723.434,34019.466,64232.518,98905.090,4
228,1779738723.535,32516.852,67452.276,100601.045,4
232,1779738723.629,27754.369,56290.616,84708.142,4
236,1779738723.831,34987.894,59645.728,95656.911,4
240,1779738724.028,28946.550,57857.599,90749.706,4
244,1779738724.246,36320.237,65882.994,110653.875,4
248,1779738724.434,28151.644,63227.069,92402.741,4
252,1779738724.629,24785.383,59148.303,84764.803,4
256,1779738724.835,32851.125,67247.104,100743.936,4
260,1779738724.923,30112.471,56076.144,86855.391,4
264,1779738725.039,40162.261,60983.788,101836.507,4
268,1779738725.234,30777.917,65501.880,96947.422,4
272,1779738725.433,30938.809,59420.915,91148.540,4
276,1779738725.625,25563.640,52339.761,78827.490,4
280,1779738725.842,31408.473,62928.526,95003.544,4
284,1779738726.043,29994.840,75249.717,105910.062,4
288,1779738726.158,35015.415,62672.822,98341.805,4
292,1779738726.248,37413.127,50340.273,88392.375,4
296,1779738726.424,29986.420,57777.580,88645.287,4
300,1779738726.639,25676.171,67084.302,93418.770,4
304,1779738726.832,29783.128,63777.134,94567.931,4
308,1779738727.041,33571.952,71303.623,105538.370,4
312,1779738727.238,29958.600,61981.677,92625.603,4
316,1779738727.420,28133.113,55180.026,84871.524,4
320,1779738727.504,25877.592,56529.239,83119.318,4
324,1779738727.633,29722.897,64543.791,94928.585,4
328,1779738727.822,31279.062,54522.920,86499.819,4
332,1779738728.043,36711.320,67351.385,104720.272,4
336,1779738728.221,25821.762,58652.869,85147.836,4
340,1779738728.425,31808.116,56773.580,89452.555,4
344,1779738728.628,26405.377,54921.355,82023.078,4
348,1779738728.788,26132.445,61810.825,88772.819,4
352,1779738728.887,29230.113,68654.029,98548.277,4
356,1779738729.030,29392.394,62987.687,94126.837,4
360,1779738729.246,37159.944,71676.036,109508.125,4
364,1779738729.429,29953.939,61257.001,92292.771,4
368,1779738729.617,24106.517,51531.354,76495.498,4
372,1779738729.824,26491.088,59828.839,86990.453,4
376,1779738730.052,31248.482,80449.135,112979.297,4
380,1779738730.145,30727.297,61463.163,92860.546,4
384,1779738730.224,25269.648,51885.907,77848.491,4
388,1779738730.449,33997.746,68924.861,103594.672,4
392,1779738730.638,38013.572,62989.717,102158.770,4
396,1779738730.835,32848.535,65360.688,98856.840,4
400,1779738731.042,36965.413,66261.676,103880.755,4
404,1779738731.228,27537.617,62903.637,91102.370,4
408,1779738731.441,36058.495,67200.554,104212.088,4
412,1779738731.528,27167.105,57562.198,85993.034,4
416,1779738731.624,27438.767,58156.974,86889.772,4
420,1779738731.847,37511.187,63124.169,101306.692,4
424,1779738732.045,44451.081,55694.672,100984.209,4
428,1779738732.242,36851.872,55824.833,98149.744,4
432,1779738732.438,29603.666,64264.809,94559.491,4
436,1779738732.632,29408.195,59317.093,89384.304,4
440,1779738732.756,26873.692,55489.799,83008.987,4
444,1779738732.849,31318.492,60319.743,92316.681,4
448,1779738733.038,37212.985,60409.065,98365.236,4
452,1779738733.233,36393.187,59912.449,97095.784,4
456,1779738733.429,29740.198,56247.897,86632.579,4
460,1779738733.623,28570.787,56274.465,86198.736,4
464,1779738733.839,34107.117,58110.222,92940.837,4
468,1779738734.033,27006.844,65761.091,93815.054,4
472,1779738734.120,26270.087,59340.673,86243.046,4
476,1779738734.235,31840.677,67451.837,100033.741,4
480,1779738734.417,23107.928,54344.000,78116.654,4
484,1779738734.638,31821.196,68687.698,101159.631,4
488,1779738734.830,29220.303,62927.746,93097.888,4
492,1779738735.042,30163.721,69429.235,100275.013,4
496,1779738735.237,27354.096,64081.515,92199.020,4
500,1779738735.420,28033.552,54866.414,83581.753,4
504,1779738735.503,24815.243,56042.645,81517.344,4
508,1779738735.628,25905.983,55038.456,82162.130,4
512,1779738735.834,37579.468,54243.028,92520.533,4
516,1779738736.018,23900.055,54672.373,79427.575,4
520,1779738736.220,24290.579,52358.571,77437.378,4
524,1779738736.433,33217.129,62505.074,96380.878,4
528,1779738736.636,27277.416,62059.599,90009.021,4
532,1779738736.785,35019.005,62329.500,97991.163,4
536,1779738736.863,23420.841,50410.655,76204.396,4
540,1779738737.024,25705.722,58105.853,85522.470,4
544,1779738737.230,28550.367,57542.237,86916.202,4
548,1779738737.426,23278.000,58985.991,87454.657,4
552,1779738737.636,35513.200,63310.140,99748.579,4
556,1779738737.832,28606.767,64724.853,94002.517,4
560,1779738738.040,26481.879,70167.942,97311.296,4
564,1779738738.129,28848.629,59443.015,88971.751,4
568,1779738738.241,32825.825,66109.846,99606.407,4
572,1779738738.437,31818.806,67356.257,99845.230,4
576,1779738738.631,30178.831,59259.732,90098.141,4
580,1779738738.834,31509.074,65265.878,97456.307,4
584,1779738739.036,37268.295,59719.987,97773.411,4
588,1779738739.241,29938.060,67842.761,98515.107,4
592,1779738739.423,29457.955,58791.498,88946.601,4
596,1779738739.506,26003.945,56018.345,82657.384,4
600,1779738739.617,24864.444,53371.130,78907.771,4
604,1779738739.836,30820.568,66775.112,98737.589,4
608,1779738740.057,34329.299,77812.031,113000.008,4
612,1779738740.223,26966.903,58558.636,86204.236,4
616,1779738740.431,30462.745,62316.372,93689.374,4
620,1779738740.648,36698.151,62872.407,100235.643,4
624,1779738740.745,29903.099,62875.214,93425.902,4
628,1779738740.839,28352.726,63230.980,92240.851,4
632,1779738741.044,29317.314,70738.388,100726.288,4
636,1779738741.227,26529.599,54847.076,82066.020,4
640,1779738741.435,31243.762,65259.119,97147.785,4
644,1779738741.635,31896.037,62765.436,95328.059,4
648,1779738741.836,35585.321,62261.940,98754.420,4
652,1779738742.044,34276.719,66771.911,101713.006,4
656,1779738742.121,24977.875,50596.945,76232.337,4
660,1779738742.224,25296.778,51538.095,77515.118,4
664,1779738742.436,37694.749,60712.617,99073.583,4
668,1779738742.626,26089.735,62346.390,89477.276,4
672,1779738742.846,35935.704,67285.496,109276.865,4
676,1779738743.027,25236.347,58629.328,84529.232,4
680,1779738743.239,39323.224,58987.351,101470.524,4
684,1779738743.360,22610.274,48998.872,72252.521,4
688,1779738743.436,26494.608,48234.564,75364.019,4
692,1779738743.641,28735.099,59036.192,89018.252,4
696,1779738743.831,37172.955,55985.693,93883.055,4
700,1779738744.046,37864.331,68969.521,108046.603,4
704,1779738744.221,30657.606,52816.055,84152.679,4
708,1779738744.427,24714.433,54952.605,80346.234,4
712,1779738744.638,32845.656,60078.631,93587.313,4
716,1779738744.723,26740.231,57313.567,84687.063,4
720,1779738744.842,35100.916,69162.164,104919.556,4
724,1779738745.031,30233.012,57046.214,88087.764,4
728,1779738745.229,22648.034,55565.571,78898.460,4
732,1779738745.423,28280.745,48149.755,77395.008,4
736,1779738745.638,26677.030,65437.801,92783.357,4
740,1779738745.840,32393.762,67907.841,101646.306,4
744,1779738746.036,34780.433,56864.614,92342.632,4
748,1779738746.117,24349.770,55597.161,80831.078,4
752,1779738746.229,26434.898,60788.827,89104.733,4
756,1779738746.423,24307.959,60026.681,85079.867,4
760,1779738746.628,25584.570,59123.074,86221.397,4
764,1779738746.836,29435.375,59541.306,89753.098,4
768,1779738747.048,36089.735,71335.174,108090.054,4
772,1779738747.234,31992.019,55191.788,87862.522,4
776,1779738747.340,24925.864,50374.934,76074.866,4
780,1779738747.427,27859.731,53121.738,82060.950,4
784,1779738747.623,26885.182,49860.718,77454.128,4
788,1779738747.844,32186.450,68524.628,106057.566,4
792,1779738748.051,30752.027,68923.990,106023.456,4
796,1779738748.226,27332.336,59700.769,87856.112,4
800,1779738748.448,37542.329,64402.260,106132.336,4
804,1779738748.642,30364.633,67383.347,98542.508,4
808,1779738748.728,32681.624,52407.211,85723.463,4
812,1779738748.832,26595.769,54480.901,81796.187,4
816,1779738749.039,36236.566,58066.843,94974.236,4
820,1779738749.214,23273.660,48819.700,72789.676,4
824,1779738749.443,26270.467,65345.940,92273.192,4
828,1779738749.631,33155.599,50290.094,84132.078,4
832,1779738749.840,27888.341,70535.426,99094.434,4
836,1779738750.003,23673.254,67064.996,91502.164,4
840,1779738750.081,25067.136,51467.174,77181.456,4
844,1779738750.225,28738.789,58150.024,87696.891,4
848,1779738750.437,33576.313,58930.511,93163.350,4
852,1779738750.642,31111.670,59956.340,91882.138,4
856,1779738750.825,32054.509,54072.228,86928.714,4
860,1779738751.037,28763.799,65309.637,94806.034,4
864,1779738751.234,30231.252,53066.428,83967.537,4
868,1779738751.317,22037.159,51219.780,73892.016,4
872,1779738751.425,28777.180,56686.371,86157.797,4
876,1779738751.634,33733.264,57967.172,96232.477,4
880,1779738751.832,23811.635,65259.179,90532.126,4
884,1779738752.044,33748.524,66142.156,101368.514,4
888,1779738752.244,35038.835,57408.618,93119.790,4
892,1779738752.429,27008.674,55282.067,82974.659,4
896,1779738752.617,30333.764,47090.666,78059.604,4
900,1779738752.687,21469.114,46965.074,69055.883,4
904,1779738752.828,28814.050,57527.620,87046.185,4
908,1779738753.043,30411.224,69263.613,100355.025,4
912,1779738753.246,32442.692,64640.762,99399.726,4
916,1779738753.419,22689.744,54003.677,77491.389,4
920,1779738753.634,30078.571,49649.948,80435.126,4
924,1779738753.827,28664.279,59544.157,88950.242,4
928,1779738754.014,26017.735,68996.363,95706.633,4
932,1779738754.102,27325.497,57991.283,86132.396,4
936,1779738754.243,30225.873,65300.200,96690.072,4
940,1779738754.433,26560.849,63061.389,90303.754,4
944,1779738754.629,32231.281,54939.996,87865.063,4
948,1779738754.837,31062.740,63939.697,95664.642,4
952,1779738755.029,27382.567,59442.756,87495.760,4
956,1779738755.233,27126.694,63628.613,91424.795,4
960,1779738755.339,31676.776,55728.613,88517.868,4
964,1779738755.432,26594.310,60991.231,88255.666,4
968,1779738755.613,22889.246,48049.194,71631.916,4
972,1779738755.845,33084.718,68445.117,102199.482,4
976,1779738756.024,23843.575,59139.863,83821.146,4
980,1779738756.228,25247.888,55594.172,81544.035,4
984,1779738756.433,32451.123,58250.657,91362.674,4
988,1779738756.649,30694.207,72182.002,103524.453,4
992,1779738756.734,31450.233,52335.461,84452.772,4
996,1779738756.838,33199.359,61985.499,95839.195,4
1000,1779738757.040,31342.362,64704.482,97407.709,4
1004,1779738757.218,23144.468,52585.124,76411.529,4
1008,1779738757.435,33507.182,59389.784,93553.444,4
1012,1779738757.635,27453.607,65980.874,94090.279,4
1016,1779738757.854,35731.442,71321.083,107718.672,4
1020,1779738757.993,28842.190,65242.228,95271.419,4
1024,1779738758.083,24832.654,62469.574,88985.693,4
1028,1779738758.216,21481.184,52145.789,74284.840,4
1032,1779738758.432,27354.007,61857.478,90129.363,4
1036,1779738758.648,35860.894,65572.272,106441.221,4
1040,1779738758.829,24920.894,61267.403,86915.544,4
1044,1779738759.052,36590.640,70115.593,108364.758,4
1048,1779738759.245,33294.710,64889.066,99008.443,4
1052,1779738759.345,33088.478,64395.161,98572.589,4
1056,1779738759.431,27872.511,55846.334,84933.296,4
1060,1779738759.628,27537.329,57449.030,85661.693,4
1064,1779738759.833,28477.927,64234.868,93499.383,4
1068,1779738760.023,27918.632,51397.224,80148.133,4
1072,1779738760.218,23703.384,52521.754,76895.464,4
1076,1779738760.425,25564.591,56831.103,83581.604,4
1080,1779738760.660,35968.474,76637.411,113247.982,4
1084,1779738760.762,38477.957,59400.626,98533.369,4
1088,1779738760.860,37218.926,58781.752,97757.372,4
1092,1779738761.037,28726.179,61830.848,91226.533,4
1096,1779738761.239,33270.270,62392.044,96529.351,4
1100,1779738761.442,36527.040,53340.862,91051.471,4
1104,1779738761.653,35575.441,65330.499,101568.016,4
1108,1779738761.831,27299.867,60335.785,88299.476,4
1112,1779738761.994,28516.788,67358.249,96546.541,4
1116,1779738762.086,28310.385,62334.562,91304.224,4
1120,1779738762.233,27133.795,61032.471,88840.442,4
1124,1779738762.433,30455.265,55649.591,86785.723,4
1128,1779738762.637,28524.087,63929.917,93089.250,4
1132,1779738762.826,30392.085,53712.304,84778.045,4
1136,1779738763.039,30058.862,62142.640,92873.128,4
1140,1779738763.241,32483.503,58560.480,95447.841,4
1144,1779738763.332,35751.482,53602.303,89981.162,4
1148,1779738763.424,23394.051,56069.336,80360.885,4
1152,1779738763.630,27743.860,62006.179,90424.576,4
1156,1779738763.845,25826.653,71624.135,104111.769,4
1160,1779738764.044,26588.980,72298.742,100329.115,4
1164,1779738764.225,25527.810,55758.134,82064.831,4
1168,1779738764.421,22754.435,51303.063,74913.356,4
1172,1779738764.645,36783.722,70177.072,107626.252,4
1176,1779738764.722,23965.376,51769.357,76455.371,4
1180,1779738764.818,22931.037,52055.801,75653.803,4
1184,1779738765.032,26008.375,65543.982,92220.332,4
1188,1779738765.223,23553.473,52927.656,77256.577,4
1192,1779738765.436,31606.405,63652.245,95917.446,4
1196,1779738765.648,34726.084,65187.959,101022.621,4
1200,1779738765.847,30863.388,65872.924,97439.269,4
1204,1779738765.936,27360.257,55709.294,83723.446,4
1208,1779738766.037,25663.191,63410.232,90912.391,4
1212,1779738766.227,24069.577,58070.515,82807.177,4
1216,1779738766.428,23601.903,61637.686,86083.057,4
1220,1779738766.627,22866.446,53187.790,76714.132,4
1224,1779738766.830,26946.773,60658.858,88322.297,4
1228,1779738767.031,26730.452,59618.148,87028.115,4
1232,1779738767.243,39996.721,56296.069,97435.450,4
1236,1779738767.340,25173.257,69796.310,95619.044,4
1240,1779738767.433,30096.501,59765.378,90539.757,4
1244,1779738767.637,27016.604,64369.802,93021.000,4
1248,1779738767.842,31812.937,66789.274,99788.200,4
1252,1779738768.056,39369.025,72376.653,112406.375,4
1256,1779738768.244,35478.420,60989.840,97638.372,4
1260,1779738768.431,29528.887,51194.093,81385.415,4
1264,1779738768.573,25456.250,61504.805,87725.582,4
1268,1779738768.656,25260.328,56020.486,81922.930,4
1272,1779738768.847,34727.623,61523.424,96928.585,4
1276,1779738769.047,39003.892,61292.774,103525.025,4
1280,1779738769.248,34397.951,66671.803,101715.399,4
1284,1779738769.345,30677.487,65281.539,96616.082,4
1288,1779738769.445,28238.725,64801.735,93703.226,4
1292,1779738769.633,29149.573,60163.263,90192.545,4
1296,1779738769.851,39155.224,61246.874,101060.502,4
1300,1779738770.036,37992.853,53616.515,92378.124,4
1304,1779738770.238,31843.397,59402.826,91960.661,4
1308,1779738770.430,26008.104,62056.531,88777.981,4
1312,1779738770.560,26568.560,64171.379,91407.165,4
1316,1779738770.655,32845.077,60586.859,94132.369,4
1320,1779738770.830,26655.551,59227.083,86595.672,4
1324,1779738771.051,40291.334,64699.544,105708.825,4
1328,1779738771.226,32041.729,52421.954,85265.860,4
1332,1779738771.436,30279.774,62227.762,93334.053,4
1336,1779738771.640,28573.438,64018.919,93459.714,4
1340,1779738771.839,37843.352,58564.048,97477.360,4
1344,1779738771.929,31167.691,56884.382,89479.688,4
1348,1779738772.030,22983.787,58179.296,81891.910,4
1352,1779738772.238,31322.283,64580.523,96583.882,4
1356,1779738772.432,29241.454,59809.590,89715.210,4
1360,1779738772.642,34839.855,64455.792,99954.202,4
1364,1779738772.828,25442.869,59755.600,86364.760,4
1368,1779738773.052,39759.199,67394.418,108605.690,4
1372,1779738773.188,23810.255,56156.767,80609.298,4
1376,1779738773.273,25366.299,58271.016,84290.361,4
1380,1779738773.420,21545.055,54049.969,76400.780,4
1384,1779738773.647,32139.800,67765.652,100662.519,4
1388,1779738773.842,30645.377,65130.539,96422.691,4
1392,1779738774.053,31864.488,76251.850,109266.067,4
1396,1779738774.231,32300.012,56302.219,89537.958,4
1400,1779738774.453,36954.114,74018.868,112192.283,4
1404,1779738774.554,37091.295,61065.682,98868.363,4
1408,1779738774.633,26825.362,51215.693,78711.701,4
1412,1779738774.827,27645.060,55686.873,85223.689,4
1416,1779738775.050,36934.894,65624.153,103872.749,4
1420,1779738775.232,28461.547,59722.650,89215.526,4
1424,1779738775.433,30078.952,59803.160,90560.268,4
1428,1779738775.637,30933.889,61486.744,93095.291,4
1432,1779738775.839,27093.324,65343.931,93085.851,4
1436,1779738775.934,29723.448,63888.707,94944.078,4
1440,1779738776.050,38089.184,66349.751,105127.900,4
1444,1779738776.220,26875.273,50852.711,78393.488,4
1448,1779738776.428,25820.614,56235.738,82729.537,4
1452,1779738776.640,29869.350,67654.470,98185.007,4
1456,1779738776.835,26575.830,63675.395,92304.374,4
1460,1779738777.044,30028.681,68753.471,99456.669,4
1464,1779738777.173,27475.348,59017.913,87177.607,4
1468,1779738777.256,28486.417,53795.146,82927.959,4
1472,1779738777.434,26559.710,61515.035,88896.873,4
1476,1779738777.638,33299.291,52949.298,86925.095,4
1480,1779738777.847,35170.238,69609.679,105449.923,4
1484,1779738777.936,38808.920,48926.562,88393.419,4
1488,1779738778.064,30742.437,83454.654,114870.718,4
1492,1779738778.234,28667.169,61564.127,91471.626,4
1496,1779738778.418,22106.129,52617.744,76061.937,4
1500,1779738778.633,27839.681,59411.946,87907.694,4
1504,1779738778.823,27165.485,52362.552,81689.418,4
1508,1779738779.040,32329.772,62422.423,95428.312,4
1512,1779738779.149,30650.417,52356.643,83660.095,4
1516,1779738779.246,32959.537,62147.889,96421.111,4
1520,1779738779.453,46394.559,56370.881,103451.255,4
1524,1779738779.646,30216.533,65017.866,96031.567,4
1528,1779738779.840,33098.389,61604.867,96533.512,4
1532,1779738780.035,33925.136,56105.587,90730.130,4
1536,1779738780.236,27211.735,62140.241,90510.688,4
1540,1779738780.449,26542.820,70743.880,97933.305,4
1544,1779738780.534,25578.661,58281.518,84513.294,4
1548,1779738780.638,28675.209,59450.416,88834.923,4
1552,1779738780.833,28681.129,57276.327,86629.613,4
1556,1779738781.038,33476.972,57316.599,91471.667,4
1560,1779738781.239,32769.087,61788.728,95219.480,4
1564,1779738781.436,27073.925,62300.453,90033.774,4
1568,1779738781.634,31517.525,59115.574,91360.906,4
1572,1779738781.808,25774.853,64248.642,90683.940,4
1576,1779738781.900,27564.899,62157.442,90381.237,4
1580,1779738782.040,30695.217,59505.888,91023.503,4
1584,1779738782.237,28532.328,63928.616,93236.782,4
1588,1779738782.430,24043.817,55119.596,79893.802,4
1592,1779738782.647,32859.617,69744.201,103339.044,4
1596,1779738782.819,25127.307,51095.890,76864.145,4
1600,1779738783.043,33000.328,62591.426,96242.220,4
1604,1779738783.133,31200.112,58075.075,89910.073,4
1608,1779738783.237,23860.406,66250.239,90846.321,4
1612,1779738783.433,36599.731,54029.590,91292.175,4
1616,1779738783.645,32545.904,60766.290,94002.539,4
1620,1779738783.841,42740.376,52519.875,95926.007,4
1624,1779738784.050,35177.808,69233.826,105156.530,4
1628,1779738784.229,24176.518,58498.098,83335.293,4
1632,1779738784.447,39295.465,56016.688,97158.979,4
1636,1779738784.524,21631.096,52902.349,76053.517,4
1640,1779738784.629,22151.730,54765.234,83825.077,4
1644,1779738784.845,37179.986,60503.697,98347.239,4
1648,1779738785.051,38760.011,65824.525,105252.951,4
1652,1779738785.242,32404.563,64644.294,98899.384,4
1656,1779738785.418,24912.735,49848.930,75583.413,4
1660,1779738785.651,34669.954,65452.102,100840.661,4
1664,1779738785.749,24837.165,50841.181,76329.830,4
1668,1779738785.836,24441.201,56102.075,81199.304,4
1672,1779738786.061,44172.139,70444.358,115303.553,4
1676,1779738786.229,27107.325,58321.566,87425.620,4
1680,1779738786.427,23380.391,52699.856,76858.025,4
1684,1779738786.646,30726.638,66813.502,98207.658,4
1688,1779738786.828,31299.703,49979.012,81935.891,4
1692,1779738787.045,30039.751,67562.792,98257.288,4
1696,1779738787.139,26757.772,64690.905,93370.564,4
1700,1779738787.237,33737.875,58689.790,93879.319,4
1704,1779738787.436,32626.695,59462.159,93598.076,4
1708,1779738787.637,35277.399,59197.404,95193.011,4
1712,1779738787.829,28657.149,52888.048,82654.358,4
1716,1779738788.051,40868.130,65962.836,107588.962,4
1720,1779738788.240,29635.428,61227.513,94030.420,4
1724,1779738788.398,28863.361,64825.836,94336.043,4
1728,1779738788.496,30015.802,66901.834,97576.332,4
1732,1779738788.646,32094.700,69809.232,102572.908,4
1736,1779738788.833,28497.088,60076.091,89365.268,4
1740,1779738789.045,31394.274,63839.887,95936.198,4
1744,1779738789.220,26434.510,49992.403,77101.607,4
1748,1779738789.448,33026.679,70162.845,103868.640,4
1752,1779738789.637,26986.854,64626.843,92273.154,4
1756,1779738789.727,25536.611,63267.512,89433.728,4
1760,1779738789.825,24226.639,57775.033,82858.239,4
1764,1779738790.051,35764.104,67728.643,104861.588,4
1768,1779738790.238,26805.532,60343.876,87808.734,4
1772,1779738790.443,31924.539,66969.675,99755.362,4
1776,1779738790.643,37144.726,59567.490,97389.911,4
1780,1779738790.866,37970.293,76604.343,115445.714,4
1784,1779738791.047,33197.350,75739.616,109621.221,4
1788,1779738791.133,29580.098,55131.859,85369.122,4
1792,1779738791.231,29035.682,54067.968,83812.778,4
1796,1779738791.432,31936.979,56699.332,89300.027,4
1800,1779738791.643,31680.547,65238.820,98297.729,4
1804,1779738791.833,26293.438,60428.546,87387.380,4
1808,1779738792.043,33421.172,65298.820,99395.288,4
1812,1779738792.240,27880.842,65412.903,94284.743,4
1816,1779738792.354,37101.976,63131.290,100922.653,4
1820,1779738792.438,26677.792,54202.191,82320.244,4
1824,1779738792.644,33524.893,62708.018,97804.045,4
1828,1779738792.833,25319.949,63451.673,89471.580,4
1832,1779738793.055,33100.309,78036.037,111800.671,4
1836,1779738793.232,27820.822,52590.837,81085.404,4
1840,1779738793.437,31403.534,62156.321,94704.167,4
1844,1779738793.648,36521.981,67016.995,104193.552,4
1848,1779738793.733,26266.218,56568.631,83493.255,4
1852,1779738793.827,24057.088,56737.864,81456.236,4
1856,1779738794.055,32929.778,74550.275,108145.979,4
1860,1779738794.243,36480.729,62103.801,99243.298,4
1864,1779738794.431,30721.608,55959.805,87462.151,4
1868,1779738794.641,33297.241,63318.522,97980.976,4
1872,1779738794.834,26003.055,63968.828,90643.720,4
1876,1779738794.983,29030.443,66017.767,95716.696,4
1880,1779738795.071,28924.911,57015.674,86776.125,4
1884,1779738795.242,31313.923,62342.253,94327.943,4
1888,1779738795.437,39410.747,54067.909,94148.011,4
1892,1779738795.633,28495.488,55344.400,84521.235,4
1896,1779738795.835,38405.168,52797.898,91882.351,4
1900,1779738796.032,29115.413,54934.216,84716.087,4
1904,1779738796.245,30895.829,68194.706,100573.920,4
1908,1779738796.330,29870.580,53866.667,84361.593,4
1912,1779738796.418,22796.466,48623.390,72072.142,4
1916,1779738796.643,36285.878,63458.044,100410.999,4
1920,1779738796.834,26925.964,59803.782,88072.747,4
1924,1779738797.036,30857.689,60412.758,92373.976,4
1928,1779738797.224,24164.188,56119.728,80955.053,4
1932,1779738797.434,25478.141,63200.242,90270.356,4
1936,1779738797.627,26339.668,56695.723,83678.077,4
1940,1779738797.713,26449.539,58263.346,85556.894,4
1944,1779738797.826,25931.114,54625.133,81232.335,4
1948,1779738798.046,39138.744,58729.362,99701.863,4
1952,1779738798.250,39346.666,54807.697,95688.596,4
1956,1779738798.444,35730.453,57082.958,93646.647,4
1960,1779738798.640,29717.879,60124.274,90541.759,4
1964,1779738798.843,27996.473,66515.891,95174.362,4
1968,1779738798.944,31921.909,59663.850,95367.733,4
1972,1779738799.034,26429.819,59253.685,86407.542,4
1976,1779738799.226,24068.678,58369.078,83103.122,4
1980,1779738799.437,25197.958,59597.820,85995.898,4
1984,1779738799.629,31037.021,53838.278,86184.620,4
1988,1779738799.837,30460.996,62210.443,93942.550,4
1992,1779738800.047,30292.154,68230.686,99194.288,4
1996,1779738800.231,25007.497,58551.621,84744.166,4
2000,1779738800.319,24619.763,59686.249,87390.091,4
2004,1779738800.425,24333.430,52331.702,77344.090,4
2008,1779738800.642,32644.776,65388.612,98706.104,4
2012,1779738800.844,34389.771,58364.838,94023.970,4
2016,1779738801.055,41257.364,61399.667,103753.399,4
2020,1779738801.239,34402.031,55016.257,90842.052,4
2024,1779738801.437,29720.489,62890.369,93427.725,4
2028,1779738801.572,29094.354,59065.985,88933.755,4
2032,1779738801.651,26034.775,51318.565,78047.947,4
2036,1779738801.832,27700.011,58495.600,86895.957,4
2040,1779738802.053,31937.879,72754.287,107029.289,4
2044,1779738802.230,24298.669,57973.665,82924.020,4
2048,1779738802.442,32933.898,64127.840,97744.154,4
2052,1779738802.648,42324.353,61016.802,104346.205,4
2056,1779738802.851,37084.196,64614.095,102345.486,4
2060,1779738803.064,40113.713,75589.695,116542.145,4
2064,1779738803.236,35284.699,51222.192,87317.200,4
2068,1779738803.440,33548.033,61387.385,96043.379,4
2072,1779738803.547,28432.167,54205.761,83279.174,4
2076,1779738803.639,25637.762,58974.782,85749.806,4
2080,1779738803.838,27602.580,59827.660,88105.417,4
2084,1779738804.040,28685.100,61299.915,90656.511,4
2088,1779738804.247,36955.405,53705.075,91313.936,4
2092,1779738804.435,27531.120,62867.160,91080.794,4
2096,1779738804.647,30781.299,62529.536,93976.830,4
2100,1779738804.823,25242.979,53010.110,78904.604,4
2104,1779738804.912,24262.670,63056.122,88009.336,4
2108,1779738805.029,24616.153,57053.117,82989.512,4
2112,1779738805.236,27767.342,61148.463,90298.428,4
2116,1779738805.452,33611.345,68177.517,102451.057,4
2120,1779738805.653,31989.419,65624.535,98458.861,4
2124,1779738805.826,26569.730,54724.967,82113.844,4
2128,1779738806.046,33360.602,63094.832,98268.609,4
2132,1779738806.195,29602.578,68717.812,99805.133,4
2136,1779738806.283,27958.343,57855.875,86612.294,4
2140,1779738806.429,24431.141,53377.203,78491.820,4
2144,1779738806.628,31130.062,52744.168,84646.856,4
2148,1779738806.828,26400.249,56013.866,83114.633,4
2152,1779738807.037,24732.684,60927.211,86901.016,4
2156,1779738807.236,27213.576,57956.454,85989.999,4
2160,1779738807.457,40178.744,72121.032,112966.673,4
2164,1779738807.548,35373.001,54499.382,90502.319,4
2168,1779738807.648,30058.072,60263.416,91014.794,4
2172,1779738807.846,28606.919,62338.655,91605.450,4
2176,1779738808.057,37881.163,73044.371,112098.445,4
2180,1779738808.253,39331.096,62498.627,102666.489,4
2184,1779738808.445,30736.368,59749.602,91183.025,4
2188,1779738808.637,28332.377,63975.859,92974.302,4
2192,1779738808.822,26615.061,63129.333,90401.329,4
2196,1779738808.906,27908.943,54294.521,82871.220,4
2200,1779738809.047,41614.377,54252.432,96542.404,4
2204,1779738809.243,31316.593,66482.703,98459.952,4
2208,1779738809.439,28635.149,59419.278,88966.405,4
2212,1779738809.658,35656.982,69066.634,106019.290,4
2216,1779738809.833,30905.809,54980.497,86556.194,4
2220,1779738810.057,36040.676,71092.924,107837.567,4
2224,1779738810.151,36308.619,52079.561,89043.166,4
2228,1779738810.233,26803.742,53736.366,81204.146,4
2232,1779738810.443,31059.531,66947.476,98674.913,4
2236,1779738810.646,37153.946,52015.460,89842.304,4
2240,1779738810.829,26002.035,58313.558,84985.429,4
2244,1779738811.056,37839.473,71244.096,110018.747,4
2248,1779738811.244,30613.098,60384.946,91685.700,4
2252,1779738811.454,38609.189,61033.271,100303.078,4
2256,1779738811.544,37007.955,50738.419,88402.151,4
2260,1779738811.634,24276.130,63734.599,89285.749,4
2264,1779738811.831,27870.682,52806.588,81347.267,4
2268,1779738812.034,26672.192,58149.766,85483.024,4
2272,1779738812.232,30919.940,55013.479,86732.575,4
2276,1779738812.434,28862.822,54490.623,84547.195,4
2280,1779738812.640,31433.295,63970.720,96066.730,4
2284,1779738812.757,25254.068,54352.353,80248.247,4
2288,1779738812.847,27678.421,59755.461,88086.458,4
2292,1779738813.041,31490.595,59858.663,92111.245,4
2296,1779738813.251,37774.672,53345.134,93108.403,4
2300,1779738813.441,30753.069,50044.802,81570.929,4
2304,1779738813.648,30664.228,60758.590,92231.986,4
2308,1779738813.839,29939.142,59119.496,90023.396,4
2312,1779738814.044,36631.872,57810.414,95132.502,4
2316,1779738814.133,28615.449,58725.332,87986.687,4
2320,1779738814.238,25317.280,62180.674,88302.940,4
2324,1779738814.442,35071.417,60228.205,96822.077,4
2328,1779738814.652,31714.837,58888.925,91273.157,4
2332,1779738814.834,29411.507,58881.384,88968.936,4
2336,1779738815.046,38539.989,56882.686,96102.170,4
2340,1779738815.254,35043.257,64438.042,100190.338,4
2344,1779738815.394,22280.952,54747.926,77677.384,4
2348,1779738815.472,21731.326,54236.791,76695.875,4
2352,1779738815.649,37360.498,65194.330,103236.035,4
2356,1779738815.842,25439.831,57090.277,83257.784,4
2360,1779738816.061,41445.066,66502.283,108597.193,4
2364,1779738816.234,32892.488,54832.057,88567.982,4
2368,1779738816.444,38682.411,59648.131,98999.097,4
2372,1779738816.637,26190.867,60699.280,87664.934,4
2376,1779738816.725,25604.972,59187.226,85449.714,4
2380,1779738816.824,23510.283,54873.316,79055.247,4
2384,1779738817.054,39630.529,64566.614,105953.209,4
2388,1779738817.243,32192.712,63193.111,97293.691,4
2392,1779738817.435,26059.706,57444.481,88813.145,4
2396,1779738817.645,30560.317,67773.513,99030.708,4
2400,1779738817.839,27108.796,66567.474,94348.164,4
2404,1779738818.037,36705.422,51457.287,88807.555,4
2408,1779738818.118,24504.512,54266.522,79642.401,4
2412,1779738818.247,34718.795,62758.989,98147.750,4
2416,1779738818.448,36968.175,60002.664,97626.644,4
2420,1779738818.643,30946.051,58896.023,90659.681,4
2424,1779738818.837,38254.197,52426.475,91521.419,4
2428,1779738819.051,28057.465,74448.085,103177.065,4
2432,1779738819.248,31956.760,61042.093,93670.179,4
2436,1779738819.349,23382.202,52895.940,76916.537,4
2440,1779738819.430,27780.612,47601.771,76865.397,4
2444,1779738819.640,31304.494,58103.086,90080.327,4
2448,1779738819.849,39793.091,62765.568,103262.366,4
2452,1779738820.036,31449.854,56015.467,88382.141,4
2456,1779738820.239,31974.969,60941.161,93626.228,4
2460,1779738820.430,26863.604,57378.301,85734.697,4
2464,1779738820.647,32537.065,66893.407,101176.447,4
2468,1779738820.728,25696.853,53914.657,80854.013,4
2472,1779738820.844,33611.755,65029.880,99307.110,4
2476,1779738821.032,24056.338,55238.311,80472.709,4
2480,1779738821.247,34441.852,57721.174,92877.752,4
2484,1779738821.440,29159.764,61612.428,91752.631,4
2488,1779738821.639,32392.664,60129.233,93683.569,4
2492,1779738821.842,34433.652,57386.190,96922.308,4
2496,1779738822.007,29161.774,69788.351,99724.464,4
2500,1779738822.094,34726.805,50441.007,85833.398,4
2504,1779738822.260,43889.617,62849.109,109676.544,4
2508,1779738822.437,28734.111,60464.417,91061.515,4
2512,1779738822.652,32974.318,60893.973,94511.717,4
2516,1779738822.827,23525.183,56321.481,80917.283,4
2520,1779738823.065,35161.628,75325.443,111720.213,4
2524,1779738823.261,36418.490,69851.512,106957.240,4
2528,1779738823.347,32390.233,51213.203,84782.809,4
2532,1779738823.452,35480.081,64631.277,100804.044,4
2536,1779738823.643,27910.883,63775.387,92981.833,4
2540,1779738823.827,24628.334,56836.095,82132.604,4
2544,1779738824.058,39100.575,69120.517,109058.948,4
2548,1779738824.245,28094.055,53762.459,82515.758,4
2552,1779738824.439,30872.380,53822.018,85390.164,4
2556,1779738824.630,29508.327,58882.783,89049.357,4
2560,1779738824.715,25639.192,58324.498,84627.897,4
2564,1779738824.822,21924.749,52014.081,74632.886,4
2568,1779738825.047,35609.753,58376.140,94709.549,4
2572,1779738825.237,28618.710,60802.782,90688.802,4
2576,1779738825.438,31335.334,59880.973,91876.283,4
2580,1779738825.641,31890.149,59681.032,92234.056,4
2584,1779738825.825,23682.265,53757.558,78122.178,4
2588,1779738825.963,36713.813,68212.949,106278.943,4
2592,1779738826.047,26606.531,56092.178,83361.246,4
2596,1779738826.238,27627.030,63942.220,92230.637,4
2600,1779738826.421,23314.571,50631.179,74645.287,4
2604,1779738826.645,28525.129,69080.377,98859.206,4
2608,1779738826.853,34246.911,64620.915,99553.332,4
2612,1779738827.038,34709.715,54202.361,89832.344,4
2616,1779738827.254,31910.429,67832.605,100397.341,4
2620,1779738827.348,40325.636,52649.076,93649.799,4
2624,1779738827.419,21594.486,48092.896,70336.488,4
2628,1779738827.628,28680.260,51679.296,81031.004,4
2632,1779738827.853,42141.022,60507.208,103443.998,4
2636,1779738828.059,45773.355,64098.762,110952.376,4
2640,1779738828.234,28403.177,55149.460,84252.314,4
2644,1779738828.437,27985.694,60491.948,89154.988,4
2648,1779738828.613,32674.047,69815.134,103124.975,4
2652,1779738828.712,36923.544,59857.292,97434.233,4
2656,1779738828.843,29098.823,66668.985,96483.685,4
2660,1779738829.055,36089.278,65392.663,103309.016,4
2664,1779738829.230,26511.520,55506.734,82928.141,4
2668,1779738829.451,34881.096,68377.699,104550.548,4
2672,1779738829.656,34195.650,71460.669,106373.485,4
2676,1779738829.860,41397.116,67285.622,109361.431,4
2680,1779738829.950,31998.390,55818.007,88501.033,4
2684,1779738830.057,35191.099,63026.382,99278.381,4
2688,1779738830.234,29896.111,49391.208,79951.335,4
2692,1779738830.440,30555.007,51102.234,82322.556,4
2696,1779738830.648,33988.178,64478.215,99124.019,4
2700,1779738830.827,29076.814,50151.495,80014.205,4
2704,1779738831.050,31080.541,63743.508,95508.916,4
2708,1779738831.231,28862.622,54678.315,84202.693,4
2712,1779738831.312,24074.298,55989.068,80734.982,4
2716,1779738831.430,28045.385,50046.304,79464.930,4
2720,1779738831.656,35364.360,58622.091,94641.058,4
2724,1779738831.841,27273.267,65628.725,94518.987,4
2728,1779738832.047,32809.728,63678.418,97771.887,4
2732,1779738832.245,37980.684,56265.720,94924.411,4
2736,1779738832.445,30711.348,63541.244,94915.861,4
2740,1779738832.547,25425.941,51542.897,77613.054,4
2744,1779738832.629,24185.049,48771.023,73601.767,4
2748,1779738832.843,32534.665,58131.086,91328.699,4
2752,1779738833.054,32204.962,66987.300,100376.231,4
2756,1779738833.245,26960.134,70307.577,97988.669,4
2760,1779738833.436,27070.955,61000.283,89794.234,4
2764,1779738833.649,35875.265,64919.999,101938.565,4
2768,1779738833.839,26310.528,58819.633,85774.868,4
2772,1779738833.925,26663.712,58047.347,85382.525,4
2776,1779738834.072,37997.224,74503.296,115306.826,4
2780,1779738834.246,28405.588,67017.997,96168.612,4
2784,1779738834.446,27739.392,58206.598,87521.464,4
2788,1779738834.648,34472.123,63869.870,99085.939,4
2792,1779738834.846,27390.568,67368.060,95519.777,4
2796,1779738835.051,33837.917,66980.498,101527.291,4
2800,1779738835.198,23735.515,61731.699,86128.382,4
2804,1779738835.287,24769.875,62302.366,88306.692,4
2808,1779738835.428,23108.220,49483.269,73382.826,4
2812,1779738835.647,33790.287,65241.853,100460.561,4
2816,1779738835.837,31712.688,57401.560,89759.175,4
2820,1779738836.053,32429.244,67941.367,101037.297,4
2824,1779738836.230,25644.063,56615.175,83007.353,4
2828,1779738836.446,32257.093,64896.169,97825.327,4
2832,1779738836.544,34712.495,62620.958,97965.579,4
2836,1779738836.640,29680.879,61081.773,91874.653,4
2840,1779738836.842,31111.763,58069.566,89911.176,4
2844,1779738837.051,34529.633,65910.388,101757.463,4
2848,1779738837.249,38138.266,59636.712,98430.543,4
2852,1779738837.441,35481.552,57621.074,93789.511,4
2856,1779738837.646,26681.222,58358.459,86119.751,4
2860,1779738837.846,37970.654,57505.742,96121.372,4
2864,1779738837.946,36009.587,62361.065,99891.566,4
2868,1779738838.058,35240.179,71740.680,108414.244,4
2872,1779738838.230,25992.486,55166.942,81843.963,4
2876,1779738838.439,29959.042,55927.047,86548.445,4
2880,1779738838.637,27619.370,59598.122,87881.608,4
2884,1779738838.837,28941.132,60431.928,90029.197,4
2888,1779738839.049,34236.241,63004.542,97920.518,4
2892,1779738839.158,23538.423,49874.012,74068.752,4
2896,1779738839.242,31246.114,50709.240,82615.559,4
2900,1779738839.439,33714.976,50445.409,84824.700,4
2904,1779738839.659,41289.095,61611.588,103972.973,4
2908,1779738839.841,34588.074,51091.324,86353.974,4
2912,1779738840.045,31914.669,62059.373,95680.428,4
2916,1779738840.238,31950.480,56030.697,88651.955,4
2920,1779738840.455,32433.834,67513.623,101123.688,4
2924,1779738840.550,34517.953,58935.845,94102.404,4
2928,1779738840.638,23310.511,54332.923,78319.081,4
2932,1779738840.850,34719.115,62813.651,98195.931,4
2936,1779738841.057,30329.535,77136.251,108551.485,4
2940,1779738841.244,33993.309,56482.772,91138.367,4
2944,1779738841.438,25665.663,62874.631,89216.880,4
2948,1779738841.647,37675.132,56924.506,95248.954,4
2952,1779738841.834,31144.503,64995.040,96794.189,4
2956,1779738841.924,26503.980,61595.909,89333.911,4
2960,1779738842.063,36295.249,69564.982,106535.107,4
2964,1779738842.231,23613.005,58734.704,83151.934,4
2968,1779738842.442,29001.383,64765.208,94696.430,4
2972,1779738842.657,33911.018,64406.224,98982.658,4
2976,1779738842.838,29090.774,55842.225,85612.537,4
2980,1779738843.054,34410.513,65047.201,100121.088,4
2984,1779738843.127,22393.633,48171.457,71217.716,4
2988,1779738843.243,28511.379,60775.653,89956.107,4
2992,1779738843.447,33664.215,63874.500,99037.179,4
2996,1779738843.654,34431.732,63431.246,98536.235,4
3000,1779738843.846,35755.844,61667.699,98108.910,4
3004,1779738844.065,37706.643,74035.442,112422.270,4
3008,1779738844.247,29794.801,67114.509,99298.731,4
3012,1779738844.454,34072.729,70129.096,104890.332,4
3016,1779738844.547,33925.368,55903.778,90861.765,4
3020,1779738844.643,29116.544,62586.198,93287.466,4
3024,1779738844.828,23288.482,54954.629,78912.106,4
3028,1779738845.044,33422.214,56587.293,90859.724,4
3032,1779738845.233,29845.321,54625.745,85622.357,4
3036,1779738845.439,28990.263,59868.123,89763.105,4
3040,1779738845.650,37027.287,63510.956,101267.080,4
3044,1779738845.782,26997.695,59478.401,87175.272,4
3048,1779738845.863,24699.464,55497.653,81003.826,4
3052,1779738846.046,29693.719,62835.571,93196.216,4
3056,1779738846.257,37663.152,66571.574,108630.716,4
3060,1779738846.447,33100.321,63397.856,97142.671,4
3064,1779738846.632,25520.952,50704.641,76906.659,4
3068,1779738846.825,22980.189,52344.594,76012.970,4
3072,1779738847.037,26375.440,58573.881,86340.343,4
3076,1779738847.135,29400.527,66705.686,96755.138,4
3080,1779738847.224,23117.850,49937.033,73737.420,4
3084,1779738847.434,32684.397,52608.648,85985.351,4
3088,1779738847.651,30397.176,63734.468,96838.360,4
3092,1779738847.836,36512.901,50536.459,87877.608,4
3096,1779738848.053,32463.835,66246.651,101779.153,4
3100,1779738848.233,30724.709,51949.431,83351.757,4
3104,1779738848.429,32233.502,54478.785,87372.153,4
3108,1779738848.517,25940.735,60506.159,87545.325,4
3112,1779738848.645,35991.577,56452.773,93149.896,4
3116,1779738848.846,30376.176,61806.871,93856.332,4
3120,1779738849.047,33211.132,59014.696,92885.333,4
3124,1779738849.241,36161.458,53261.692,90567.262,4
3128,1779738849.445,35602.363,60424.100,97271.713,4
3132,1779738849.649,29341.896,63288.803,94389.217,4
3136,1779738849.753,39602.169,55335.301,96017.472,4
3140,1779738849.832,30076.173,47325.289,78038.519,4
3144,1779738850.032,24988.927,53016.181,78681.765,4
3148,1779738850.238,32249.253,55297.920,88507.794,4
3152,1779738850.451,25610.423,75663.397,101925.615,4
3156,1779738850.650,37868.794,61219.645,100029.168,4
3160,1779738850.835,26495.331,58325.550,85960.921,4
3164,1779738851.058,31586.377,69588.641,101831.305,4
3168,1779738851.144,27790.422,56556.444,85535.167,4
3172,1779738851.233,26702.333,55703.347,83472.768,4
3176,1779738851.465,36420.411,71052.455,108511.215,4
3180,1779738851.637,30398.936,57157.028,88236.021,4
3184,1779738851.837,32213.242,54929.249,87849.568,4
3188,1779738852.053,34696.395,65320.713,100685.025,4
3192,1779738852.253,35971.797,62656.800,99468.453,4
3196,1779738852.404,26497.591,61473.978,88652.965,4
3200,1779738852.493,25103.148,61620.439,87378.253,4
3204,1779738852.660,33881.718,70664.202,106016.562,4
3208,1779738852.855,36978.506,65533.365,103415.739,4
3212,1779738853.060,41180.004,63495.177,105335.667,4
3216,1779738853.262,39387.248,65973.858,106040.903,4
3220,1779738853.448,28797.541,69649.522,99117.700,4
3224,1779738853.643,28378.217,63687.008,94164.715,4
3228,1779738853.734,28743.041,59850.615,89245.141,4
3232,1779738853.850,32922.869,65241.623,98839.138,4
3236,1779738854.061,43408.414,64102.373,108178.863,4
3240,1779738854.254,34430.182,64559.775,99691.115,4
3244,1779738854.445,31123.803,61228.447,93009.905,4
3248,1779738854.632,29420.747,52656.489,82759.012,4
3252,1779738854.841,29955.532,62415.167,93059.395,4
3256,1779738855.049,29520.468,68088.857,98257.213,4
3260,1779738855.132,25278.749,56151.520,82089.916,4
3264,1779738855.237,26086.587,55132.680,81886.233,4
3268,1779738855.442,25595.643,66265.583,92731.323,4
3272,1779738855.646,29318.606,60243.446,90220.630,4
3276,1779738855.860,38446.659,66363.434,105683.440,4
3280,1779738856.031,25406.910,53376.146,79461.612,4
3284,1779738856.252,30657.949,66710.747,98073.091,4
3288,1779738856.363,24278.730,50089.004,75015.711,4
3292,1779738856.444,27615.861,52323.135,80601.242,4
3296,1779738856.650,38609.830,60836.513,100756.295,4
3300,1779738856.837,23510.844,51106.695,75299.434,4
3304,1779738857.061,35857.456,72853.092,109357.333,4
3308,1779738857.135,23270.221,49218.367,73135.414,4
3312,1779738857.235,23786.636,52562.457,77133.811,4
3316,1779738857.449,34398.012,61828.882,96907.001,4
3320,1779738857.651,39117.535,54977.688,94763.561,4
3324,1779738857.848,26643.232,62487.558,89865.566,4
3328,1779738858.067,40322.376,72654.551,114057.166,4
3332,1779738858.248,40664.670,51873.011,93490.970,4
3336,1779738858.352,28093.016,53608.488,82350.688,4
3340,1779738858.447,28511.709,61343.988,90508.142,4
3344,1779738858.640,25885.755,61543.239,88252.511,4
3348,1779738858.840,33788.087,56221.961,90683.064,4
3352,1779738859.044,35852.796,55273.223,91773.934,4
3356,1779738859.231,27185.477,49110.716,77053.580,4
3360,1779738859.445,30272.895,60376.078,91943.275,4
3364,1779738859.645,37108.287,56805.595,95162.314,4
3368,1779738859.731,26155.797,57435.702,84869.581,4
3372,1779738859.833,23109.040,53372.204,77184.332,4
3376,1779738860.053,37691.923,59801.202,98155.291,4
3380,1779738860.249,29963.083,63364.276,94022.344,4
3384,1779738860.455,41221.445,62127.883,105057.095,4
3388,1779738860.647,32892.829,62930.400,96795.309,4
3392,1779738860.836,23172.190,54093.162,77950.838,4
3396,1779738861.017,25986.837,67338.382,95588.058,4
3400,1779738861.097,27601.480,50930.462,79244.800,4
3404,1779738861.233,22677.046,49698.652,73017.153,4
3408,1779738861.446,35857.316,56076.990,92629.432,4
3412,1779738861.652,34600.165,59807.602,95056.073,4
3416,1779738861.839,27393.409,53447.974,81542.371,4
3420,1779738862.052,33087.541,63712.779,97474.826,4
3424,1779738862.256,37215.919,60968.732,98838.248,4
3428,1779738862.336,30911.101,48545.171,80092.458,4
3432,1779738862.448,27022.876,66591.445,94283.416,4
3436,1779738862.651,32361.324,63757.381,96784.170,4
3440,1779738862.847,28447.308,61563.610,90695.444,4
3444,1779738863.051,40408.057,57117.699,98200.462,4
3448,1779738863.249,30701.129,61151.086,92716.133,4
3452,1779738863.449,31072.803,65136.512,97445.046,4
3456,1779738863.657,40558.198,57287.530,98613.576,4
3460,1779738863.843,40002.283,50417.317,91111.358,4
3464,1779738864.051,42751.679,57222.419,100652.274,4
3468,1779738864.244,30773.450,54775.348,86201.253,4
3472,1779738864.441,36987.546,53328.003,91114.728,4
3476,1779738864.663,33243.982,71809.783,105718.681,4
3480,1779738864.843,37457.620,54413.055,92529.831,4
3484,1779738864.964,30952.892,56061.269,88336.123,4
3488,1779738865.062,30211.034,65788.779,96673.199,4
3492,1779738865.240,30620.128,58123.988,90072.418,4
3496,1779738865.430,23590.294,56307.711,80755.344,4
3500,1779738865.661,40806.811,56450.362,98488.106,4
3504,1779738865.844,33180.621,58797.503,93330.358,4
3508,1779738866.051,38184.867,60034.245,99144.101,4
3512,1779738866.246,29986.523,59738.463,90507.903,4
3516,1779738866.328,26219.828,55091.510,82276.218,4
3520,1779738866.435,24890.947,55204.302,80919.175,4
3524,1779738866.663,34185.521,67035.069,101911.016,4
3528,1779738866.839,29558.558,56439.363,86664.188,4
3532,1779738867.056,40019.504,59391.080,100073.629,4
3536,1779738867.257,38964.804,63098.405,102847.775,4
3540,1779738867.439,31064.273,56589.556,88329.233,4
3544,1779738867.610,39336.847,62983.562,102961.976,4
3548,1779738867.702,29460.918,60061.087,90194.590,4
3552,1779738867.849,34470.374,58873.634,94006.454,4
3556,1779738868.063,42087.503,67202.262,110843.637,4
3560,1779738868.254,32098.461,61774.291,94532.219,4
3564,1779738868.446,35662.254,57709.246,95303.137,4
3568,1779738868.638,28316.548,58998.156,88175.101,4
3572,1779738868.844,28060.505,63497.337,93371.309,4
3576,1779738868.930,27352.249,56901.528,84906.832,4
3580,1779738869.054,37763.093,57694.475,96142.173,4
3584,1779738869.237,30735.289,53311.324,84802.021,4
3588,1779738869.445,25389.560,65052.110,91114.108,4
3592,1779738869.635,24719.145,57239.801,82622.962,4
3596,1779738869.852,30361.826,70089.628,101112.409,4
3600,1779738870.061,35574.173,72046.263,108289.895,4
3604,1779738870.243,26421.810,72988.054,100058.459,4
3608,1779738870.335,30800.350,60501.450,91960.307,4
3612,1779738870.453,33185.232,64590.658,98442.965,4
3616,1779738870.649,28442.718,58524.652,87757.678,4
3620,1779738870.854,39842.132,61159.946,101663.644,4
3624,1779738871.043,34632.725,54084.973,90144.200,4
3628,1779738871.248,32917.789,56127.660,89728.026,4
3632,1779738871.450,35846.886,57749.175,99659.646,4
3636,1779738871.543,23627.315,50094.686,74420.917,4
3640,1779738871.634,27600.851,50182.976,78440.633,4
3644,1779738871.845,36745.394,53004.502,90466.743,4
3648,1779738872.064,31881.880,76344.884,109002.421,4
3652,1779738872.232,26503.731,47044.037,74187.864,4
3656,1779738872.453,29410.827,61521.180,91595.153,4
3660,1779738872.650,37305.159,57609.584,96702.849,4
3664,1779738872.857,36329.770,63868.052,100841.477,4
3668,1779738872.965,40139.925,67159.301,107965.972,4
3672,1779738873.057,33878.628,56538.444,91099.378,4
3676,1779738873.240,29384.408,54803.107,84861.541,4
3680,1779738873.447,37870.474,58882.015,97436.786,4
3684,1779738873.664,32288.134,64280.684,97247.814,4
3688,1779738873.845,29865.541,63733.549,94643.481,4
3692,1779738874.058,36077.878,61104.465,98069.342,4
3696,1779738874.198,31063.103,62199.304,93906.304,4
3700,1779738874.287,26241.459,61223.098,88157.742,4
3704,1779738874.453,32226.103,58336.530,91260.130,4
3708,1779738874.645,28291.018,57500.743,87192.393,4
3712,1779738874.847,31392.335,64633.408,96821.400,4
3716,1779738875.058,38560.491,61115.655,100352.813,4
3720,1779738875.247,28719.011,62201.906,92157.718,4
3724,1779738875.445,26797.063,64830.869,92293.179,4
3728,1779738875.532,28208.216,56996.419,86389.356,4
3732,1779738875.640,27309.958,57541.033,85692.060,4
3736,1779738875.837,24699.365,57376.503,82752.902,4
3740,1779738876.047,38343.489,56105.888,95154.855,4
3744,1779738876.244,30748.890,57490.843,88993.039,4
3748,1779738876.451,34264.172,57979.358,92915.405,4
3752,1779738876.650,35830.466,54327.506,95664.790,4
3756,1779738876.832,35675.945,49405.370,85723.349,4
3760,1779738876.920,28517.029,57905.137,87128.412,4
3764,1779738877.069,30801.820,79996.329,111887.848,4
3768,1779738877.239,28236.626,58958.876,88413.954,4
3772,1779738877.436,27442.869,56453.743,84552.659,4
3776,1779738877.653,29297.796,63750.759,94589.050,4
3780,1779738877.853,34526.944,66787.856,101996.458,4
3784,1779738878.045,34259.902,57836.486,92770.434,4
3788,1779738878.173,27340.178,64929.531,92945.815,4
3792,1779738878.260,31472.507,53510.558,85629.629,4
3796,1779738878.438,28360.598,55359.773,84887.342,4
3800,1779738878.642,31441.926,58066.528,90210.111,4
3804,1779738878.833,27367.329,52941.262,81344.130,4
3808,1779738879.047,26702.073,64737.918,92122.828,4
3812,1779738879.253,29648.179,63820.582,94715.902,4
3816,1779738879.438,29064.154,57315.422,87032.682,4
3820,1779738879.533,27991.804,66050.341,94692.231,4
3824,1779738879.643,25141.398,56253.450,83096.306,4
3828,1779738879.845,31865.390,60268.988,92831.765,4
3832,1779738880.038,30607.328,51782.542,83201.287,4
3836,1779738880.248,36245.539,57965.305,94876.683,4
3840,1779738880.444,34815.217,48359.670,83834.113,4
3844,1779738880.649,33794.717,56652.995,91127.569,4
3848,1779738880.809,24419.782,64899.850,89987.518,4
3852,1779738880.911,28843.072,68989.298,99592.546,4
3856,1779738881.061,36250.739,63507.487,100440.714,4
3860,1779738881.251,33838.828,64827.930,99344.024,4
3864,1779738881.451,39933.884,58950.786,99528.175,4
3868,1779738881.658,31362.106,64409.736,96431.697,4
3872,1779738881.864,39642.271,61208.627,107085.104,4
3876,1779738882.056,43290.454,56512.865,100561.955,4
3880,1779738882.134,24411.812,51805.583,76911.240,4
3884,1779738882.238,25825.635,55403.243,82215.018,4
3888,1779738882.437,27255.088,55452.914,83379.228,4
3892,1779738882.633,23786.647,50383.050,74837.170,4
3896,1779738882.831,25637.253,53341.505,79627.964,4
3900,1779738883.063,32566.506,74496.368,108110.944,4
3904,1779738883.250,32888.909,58140.978,91748.904,4
3908,1779738883.441,28728.961,58706.864,88080.021,4
3912,1779738883.518,24116.889,50983.764,76076.962,4
3916,1779738883.628,21634.437,49000.256,71298.138,4
3920,1779738883.851,38363.399,60179.958,99276.514,4
3924,1779738884.049,29652.739,61451.080,91766.035,4
3928,1779738884.253,31628.288,63181.175,95493.049,4
3932,1779738884.448,28930.423,64180.613,93943.715,4
3936,1779738884.653,32556.526,60559.062,93790.653,4
3940,1779738884.764,26951.115,56182.862,84593.640,4
3944,1779738884.860,29812.271,64046.694,94529.400,4
3948,1779738885.051,30017.893,56813.968,87898.490,4
3952,1779738885.240,32076.432,53719.408,86461.817,4
3956,1779738885.454,33930.049,67107.230,101715.686,4
3960,1779738885.660,34872.847,57553.173,93093.547,4
3964,1779738885.855,32595.737,60479.662,93763.693,4
3968,1779738886.068,38570.791,71410.950,110635.557,4
3972,1779738886.160,33602.496,56948.387,91253.771,4
3976,1779738886.241,24701.994,54925.589,80594.004,4
3980,1779738886.461,32345.234,66471.594,99477.266,4
3984,1779738886.649,40426.118,56207.652,97337.926,4
3988,1779738886.840,30521.008,54460.737,85642.109,4
3992,1779738887.063,40692.600,59888.076,101466.554,4
3996,1779738887.254,29188.186,65921.441,95778.951,4
4000,1779738887.431,27086.927,57755.596,85929.242,4
4004,1779738887.521,30497.708,58319.392,89631.056,4
4008,1779738887.652,38382.939,58513.203,97587.449,4
4012,1779738887.864,37375.841,65707.709,104393.780,4
4016,1779738888.061,32517.426,72667.182,105842.503,4
4020,1779738888.250,29186.805,62463.797,92321.700,4
4024,1779738888.446,27718.482,59913.215,88308.394,4
4028,1779738888.643,31954.941,55428.754,88543.216,4
4032,1779738888.747,32910.749,51217.606,84853.172,4
4036,1779738888.838,29766.610,47264.251,77875.499,4
4040,1779738889.064,38912.844,66253.852,105852.753,4
4044,1779738889.266,38290.138,60606.743,99650.507,4
4048,1779738889.447,29027.024,57669.035,87333.315,4
4052,1779738889.635,26032.776,54474.677,82020.066,4
4056,1779738889.857,31515.127,63881.851,96135.775,4
4060,1779738890.080,31647.868,83093.076,115410.180,4
4064,1779738890.168,28957.403,57076.209,87109.763,4
4068,1779738890.243,23334.303,50580.691,74616.139,4
4072,1779738890.433,24675.125,55228.543,80735.915,4
4076,1779738890.649,27515.630,64043.121,92227.440,4
4080,1779738890.849,37522.471,57895.476,96093.325,4
4084,1779738891.059,40250.516,61817.533,102752.286,4
4088,1779738891.259,30701.949,65318.643,96714.251,4
4092,1779738891.443,30995.033,64602.618,96239.766,4
4096,1779738891.544,32595.567,66350.562,99622.867,4
4100,1779738891.646,29387.687,60606.702,90822.047,4
4104,1779738891.846,35667.765,57221.170,93543.882,4
4108,1779738892.047,31003.952,59385.751,91097.079,4
4112,1779738892.254,30796.070,53716.099,88358.185,4
4116,1779738892.446,26616.953,58900.086,86218.955,4
4120,1779738892.648,31066.333,61005.976,93969.426,4
4124,1779738892.746,27022.946,55345.024,83048.196,4
4128,1779738892.849,27519.971,61032.697,89230.782,4
4132,1779738893.058,36475.312,63613.831,101163.621,4
4136,1779738893.249,35458.733,58823.685,95864.223,4
4140,1779738893.446,33386.454,50948.773,84977.524,4
4144,1779738893.643,32943.840,55591.455,89335.133,4
4148,1779738893.851,32562.906,59083.908,92317.280,4
4152,1779738894.062,31099.703,69151.251,100910.679,4
4156,1779738894.142,30143.174,49101.207,79881.117,4
4160,1779738894.245,30711.980,53195.535,84626.051,4
4164,1779738894.447,33577.866,57572.735,91803.226,4
4168,1779738894.647,32784.079,57568.134,91013.979,4
4172,1779738894.848,36586.193,51451.717,88853.959,4
4176,1779738895.043,29959.463,59142.758,89822.308,4
4180,1779738895.248,34540.034,58938.307,94926.994,4
4184,1779738895.434,27140.567,63650.060,91721.356,4
4188,1779738895.515,24293.371,54290.744,80162.760,4
4192,1779738895.641,30251.725,53236.245,84145.766,4
4196,1779738895.841,27400.340,57394.472,85665.200,4
4200,1779738896.034,22642.406,54137.204,77519.045,4
4204,1779738896.238,23793.597,55729.198,80210.821,4
4208,1779738896.436,25300.790,56180.990,82496.731,4
4212,1779738896.658,37568.062,64436.765,103069.318,4
4216,1779738896.747,26895.555,61103.057,88641.977,4
4220,1779738896.852,33539.245,59294.281,93491.191,4
4224,1779738897.054,28532.630,63831.471,93065.427,4
4228,1779738897.248,32443.395,62291.686,95469.569,4
4232,1779738897.456,35440.513,62320.736,98443.256,4
4236,1779738897.657,34834.137,55644.207,95333.398,4
4240,1779738897.853,40649.290,58525.843,100487.456,4
4244,1779738898.066,30915.731,76395.166,107968.903,4
4248,1779738898.155,29956.053,57941.148,88759.798,4
4252,1779738898.248,33347.493,52093.263,86107.214,4
4256,1779738898.449,27246.798,64804.509,93400.931,4
4260,1779738898.653,33719.267,63739.960,98801.600,4
4264,1779738898.849,31548.877,54907.810,87127.994,4
4268,1779738899.070,49738.243,62191.896,112625.196,4
4272,1779738899.240,32609.547,47981.567,81245.250,4
4276,1779738899.404,28225.827,67070.741,95947.044,4
4280,1779738899.494,30367.046,56683.635,88164.883,4
4284,1779738899.651,30065.963,64535.808,95664.011,4
4288,1779738899.856,34557.195,64466.388,100248.293,4
4292,1779738900.064,34444.704,66750.257,102161.800,4
4296,1779738900.256,30393.347,58141.591,89903.578,4
4300,1779738900.444,35458.513,54423.707,90711.316,4
4304,1779738900.639,23073.810,49291.130,73062.706,4
4308,1779738900.726,24880.006,53983.670,79518.434,4
4312,1779738900.843,24674.334,53682.058,79018.190,4
4316,1779738901.036,26460.161,51801.291,78952.789,4
4320,1779738901.263,30718.980,60773.963,92205.930,4
4324,1779738901.452,30972.372,61875.343,94606.281,4
4328,1779738901.644,26906.665,61237.109,88992.141,4
4332,1779738901.839,27174.227,58694.964,87018.823,4
4336,1779738902.063,31181.704,65946.351,97782.201,4
4340,1779738902.152,27502.340,59547.363,87703.969,4
4344,1779738902.267,34856.967,62083.506,97611.159,4
4348,1779738902.442,24032.489,55946.199,81157.870,4
4352,1779738902.650,28652.791,58539.773,87903.481,4
4356,1779738902.854,37629.842,59503.672,98017.613,4
4360,1779738903.061,34179.152,63709.082,99969.470,4
4364,1779738903.238,26129.698,57816.677,84632.581,4
4368,1779738903.398,24156.200,59972.517,84804.483,4
4372,1779738903.495,28410.869,66853.478,95935.294,4
4376,1779738903.653,28451.639,61804.854,90922.629,4
4380,1779738903.860,35895.077,64286.346,101156.542,4
4384,1779738904.050,33451.565,58129.881,92695.275,4
4388,1779738904.255,39929.434,59195.628,99805.369,4
4392,1779738904.452,39926.543,57894.247,98568.068,4
4396,1779738904.652,27305.329,62858.693,91580.835,4
4400,1779738904.734,25485.333,55322.114,81459.682,4
4404,1779738904.853,26204.559,66068.892,93058.978,4
4408,1779738905.058,35417.042,65370.286,101479.584,4
4412,1779738905.237,27817.304,55533.846,84027.665,4
4416,1779738905.438,29321.467,54060.903,84218.208,4
4420,1779738905.643,30418.257,57335.042,88435.076,4
4424,1779738905.852,33050.541,57923.597,91639.524,4
4428,1779738906.056,32209.883,66470.126,102977.968,4
4432,1779738906.136,29160.616,49712.974,79541.835,4
4436,1779738906.233,24282.151,52975.301,77938.390,4
4440,1779738906.464,36834.426,65469.797,102989.169,4
4444,1779738906.653,28274.658,60708.674,89640.546,4
4448,1779738906.832,27372.179,50656.362,78722.667,4
4452,1779738907.053,26099.108,63098.485,89887.019,4
4456,1779738907.238,28231.617,53156.183,82053.708,4
4460,1779738907.363,28044.116,59145.680,87928.441,4
4464,1779738907.440,24385.232,51893.454,77020.032,4
4468,1779738907.643,30550.939,57769.566,89101.491,4
4472,1779738907.853,30894.792,61722.443,93331.071,4
4476,1779738908.063,30209.115,62318.857,103935.057,4
4480,1779738908.251,32496.496,57505.324,90663.736,4
4484,1779738908.452,29080.575,59642.263,89398.085,4
4488,1779738908.647,29654.300,50970.385,81268.551,4
4492,1779738908.724,22858.559,52876.863,76368.786,4
4496,1779738908.862,33037.691,65514.407,99281.104,4
4500,1779738909.065,30308.497,69624.175,102308.952,4
4504,1779738909.243,28578.581,59846.445,89096.192,4
4508,1779738909.460,37815.315,59962.366,98440.607,4
4512,1779738909.636,24474.693,51776.521,77136.343,4
4516,1779738909.833,25420.252,49090.968,75181.915,4
4520,1779738910.012,30174.565,60215.628,91163.121,4
4524,1779738910.094,23542.824,56019.641,80808.017,4
4528,1779738910.243,29424.198,56647.837,86928.062,4
4532,1779738910.442,30272.786,48856.916,79812.037,4
4536,1779738910.666,40955.084,61817.373,109203.365,4
4540,1779738910.864,35650.745,61211.047,97568.490,4
4544,1779738911.044,29545.999,51503.479,81837.236,4
4548,1779738911.259,34876.078,61888.405,97450.868,4
4552,1779738911.378,31617.118,60415.262,92719.175,4
4556,1779738911.470,33225.063,57155.391,91028.909,4
4560,1779738911.658,37777.744,57090.301,95545.980,4
4564,1779738911.847,27407.870,56669.556,85239.397,4
4568,1779738912.045,24688.445,58496.073,84455.970,4
4572,1779738912.249,29840.482,59659.614,90774.538,4
4576,1779738912.445,30610.669,59801.085,91702.236,4
4580,1779738912.657,27064.327,66670.938,94382.700,4
4584,1779738912.747,35897.257,52199.916,88797.039,4
4588,1779738912.853,29865.112,59017.156,89606.517,4
4592,1779738913.038,23196.311,52412.887,76392.646,4
4596,1779738913.249,31820.310,54658.997,87356.036,4
4600,1779738913.440,38600.352,47589.194,86847.231,4
4604,1779738913.664,31723.289,69710.786,102127.631,4
4608,1779738913.860,34265.802,62223.168,97257.547,4
4612,1779738914.013,27988.205,68033.340,99708.839,4
4616,1779738914.107,33635.976,58917.668,93223.870,4
4620,1779738914.263,33587.256,65888.800,100124.623,4
4624,1779738914.443,27984.516,57418.644,86102.775,4
4628,1779738914.658,31600.508,63121.845,96365.189,4
4632,1779738914.848,37811.344,54593.567,93564.543,4
4636,1779738915.067,36912.486,68736.277,106316.439,4
4640,1779738915.259,36999.777,66617.896,104721.925,4
4644,1779738915.348,35420.573,51974.803,88049.602,4
4648,1779738915.446,27088.337,55708.018,83504.681,4
4652,1779738915.661,32286.614,66927.610,99875.111,4
4656,1779738915.845,27984.465,56634.424,89704.278,4
4660,1779738916.072,39457.929,68145.860,108334.118,4
4664,1779738916.256,35941.217,62899.394,99502.237,4
4668,1779738916.453,31252.725,63820.972,95772.363,4
4672,1779738916.643,32936.660,53846.009,88006.122,4
4676,1779738916.718,23780.037,50570.430,75001.074,4
4680,1779738916.843,25526.923,54755.778,80973.568,4
4684,1779738917.047,28560.301,54686.267,83971.585,4
4688,1779738917.251,35628.875,57657.727,93948.647,4
4692,1779738917.441,36396.162,49490.781,86562.179,4
4696,1779738917.666,33203.693,77033.332,111192.724,4
4700,1779738917.861,32073.342,58534.192,91276.132,4
4704,1779738917.970,33065.542,62453.831,96428.879,4
4708,1779738918.066,32571.667,60954.046,94709.284,4
4712,1779738918.256,36599.443,59697.955,96956.154,4
4716,1779738918.452,33011.511,61154.487,95025.186,4
4720,1779738918.662,30747.990,65040.703,96668.992,4
4724,1779738918.847,30427.098,55993.081,87240.865,4
4728,1779738919.051,28067.865,65660.599,94478.901,4
4732,1779738919.270,37497.321,61716.694,99863.600,4
4736,1779738919.358,35929.017,50491.650,87993.842,4
4740,1779738919.454,29899.523,62066.847,94379.050,4
4744,1779738919.652,36647.504,56238.953,93575.864,4
4748,1779738919.857,38447.220,60507.881,100581.127,4
4752,1779738920.036,24343.782,47876.347,72879.025,4
4756,1779738920.253,31877.361,58096.030,91287.872,4
4760,1779738920.435,26460.371,51133.616,78368.815,4
4764,1779738920.658,35272.471,59485.653,95395.180,4
4768,1779738920.857,32740.579,67449.225,100846.629,4
4772,1779738921.045,26498.592,60153.790,87328.196,4
4776,1779738921.249,32752.729,56536.386,94499.972,4
4780,1779738921.443,29091.865,55444.916,85708.482,4
4784,1779738921.662,35726.456,63483.169,100328.275,4
4788,1779738921.848,30910.102,58075.021,89681.968,4
4792,1779738922.019,30953.453,68376.704,99979.901,4
4796,1779738922.126,26743.024,77937.191,105957.636,4
4800,1779738922.239,33414.425,47358.103,81431.822,4
4804,1779738922.446,27150.078,61356.998,89176.853,4
4808,1779738922.641,26160.439,55771.729,82607.253,4
4812,1779738922.845,36080.439,52620.568,89677.858,4
4816,1779738923.055,30841.341,57636.134,89537.527,4
4820,1779738923.255,30018.533,61672.351,92361.692,4
4824,1779738923.346,29436.218,52361.966,82464.172,4
4828,1779738923.451,29473.199,58218.551,88343.155,4
4832,1779738923.654,40465.989,57843.906,99029.843,4
4836,1779738923.869,36770.556,65085.434,102538.885,4
4840,1779738924.071,35514.394,69780.045,106224.559,4
4844,1779738924.258,34619.176,58946.097,94282.550,4
4848,1779738924.453,37291.170,60480.972,98431.228,4
4852,1779738924.645,23861.508,55481.606,80007.079,4
4856,1779738924.728,27964.285,53753.931,82512.063,4
4860,1779738924.845,25525.013,57267.211,83522.111,4
4864,1779738925.039,29195.446,47468.084,77322.676,4
4868,1779738925.249,27320.589,60213.980,91800.247,4
4872,1779738925.443,28298.188,57907.507,87446.438,4
4876,1779738925.656,35688.485,64119.296,100656.108,4
4880,1779738925.868,42735.420,68721.027,112153.483,4
4884,1779738926.020,28463.230,69570.414,98689.921,4
4888,1779738926.127,39419.220,64648.470,105207.619,4
4892,1779738926.261,35390.423,62205.827,98674.920,4
4896,1779738926.464,34277.612,62169.908,98014.424,4
4900,1779738926.668,39316.718,60680.003,100885.570,4
4904,1779738926.866,37207.420,62220.118,100139.213,4
4908,1779738927.056,29069.745,63339.068,93370.572,4
4912,1779738927.255,31691.920,60139.838,92506.884,4
4916,1779738927.340,26913.985,55359.075,83578.802,4
4920,1779738927.441,26171.649,52579.100,79444.135,4
4924,1779738927.656,33889.739,58456.263,93638.944,4
4928,1779738927.849,30954.033,61001.117,92622.055,4
4932,1779738928.072,33067.622,73170.677,106900.096,4
4936,1779738928.247,29930.583,59170.968,89885.720,4
4940,1779738928.447,28647.111,62045.636,92236.792,4
4944,1779738928.653,26226.389,58888.247,85995.085,4
4948,1779738928.727,24991.178,48134.700,73785.123,4
4952,1779738928.839,22359.484,52841.872,75922.023,4
4956,1779738929.055,25989.207,63486.118,90743.208,4
4960,1779738929.249,33940.579,54762.810,90192.763,4
4964,1779738929.447,33594.706,57106.560,91422.024,4
4968,1779738929.643,28705.122,55039.323,84434.611,4
4972,1779738929.836,24231.941,54082.464,79407.644,4
4976,1779738929.969,27473.560,53158.495,81324.052,4
4980,1779738930.074,31028.973,65516.148,97434.749,4
4984,1779738930.260,38014.096,63917.653,102636.326,4
4988,1779738930.456,30374.827,63748.921,96661.472,4
4992,1779738930.638,26735.824,49527.272,77018.423,4
4996,1779738930.828,22252.003,48219.020,71145.259,4
5000,1779738931.050,27630.512,60673.233,89173.444,4
5004,1779738931.246,29889.702,58894.987,89445.466,4
5008,1779738931.343,34084.931,60856.025,96190.087,4
5012,1779738931.452,33459.315,59639.254,93753.495,4
5016,1779738931.639,25589.433,56302.873,82569.203,4
5020,1779738931.851,27730.933,55386.845,87943.983,4
5024,1779738932.070,34504.995,72405.170,107582.911,4
5028,1779738932.246,27025.567,56355.544,84046.957,4
5032,1779738932.459,31146.034,64302.716,96116.627,4
5036,1779738932.664,33432.685,59883.926,93968.578,4
5040,1779738932.865,40238.808,64092.945,107000.727,4
5044,1779738933.052,29782.162,61028.977,91488.315,4
5048,1779738933.247,29428.918,55021.712,85129.557,4
5052,1779738933.457,35756.826,63566.019,99985.843,4
5056,1779738933.651,25637.053,62074.725,88371.716,4
5060,1779738933.846,29532.179,54245.473,84448.461,4
5064,1779738933.998,31389.247,64483.319,96538.881,4
5068,1779738934.076,24258.832,51870.135,76795.271,4
5072,1779738934.265,37585.583,67662.776,106506.902,4
5076,1779738934.446,27429.910,55867.830,83969.567,4
5080,1779738934.654,31282.205,59508.161,91622.426,4
5084,1779738934.846,32898.700,55373.516,89872.190,4
5088,1779738935.048,27043.257,59435.424,87160.376,4
5092,1779738935.259,31094.064,61680.343,93420.173,4
5096,1779738935.337,25977.057,50099.567,76747.811,4
5100,1779738935.454,27784.784,57455.665,85907.624,4
5104,1779738935.659,29258.437,59069.149,89000.822,4
5108,1779738935.856,34420.934,53935.253,89048.513,4
5112,1779738936.066,33654.377,66350.785,100666.348,4
5116,1779738936.249,27260.379,54000.213,81941.117,4
5120,1779738936.447,35107.321,55483.206,91263.073,4
5124,1779738936.648,24614.864,60989.446,86651.931,4
5128,1779738936.726,27800.604,48690.255,77125.154,4
5132,1779738936.829,22702.817,48170.321,71542.133,4
5136,1779738937.064,34608.526,65168.594,100510.338,4
5140,1779738937.262,29031.515,63390.429,99022.444,4
5144,1779738937.453,30424.618,59903.098,91359.573,4
5148,1779738937.650,28746.292,57906.139,87915.363,4
5152,1779738937.851,31747.049,52576.869,85045.086,4
5156,1779738938.018,25352.141,69119.250,95771.004,4
5160,1779738938.106,29985.463,56964.580,87604.980,4
5164,1779738938.243,25480.733,54702.199,80972.219,4
5168,1779738938.463,39002.376,65419.377,105116.179,4
5172,1779738938.660,31940.322,66031.211,98622.540,4
5176,1779738938.844,28300.379,54216.415,83186.709,4
5180,1779738939.063,32792.509,63741.660,97212.628,4
5184,1779738939.258,27339.430,59793.667,87786.991,4
5188,1779738939.337,24441.203,53449.797,78932.370,4
5192,1779738939.446,24467.544,59396.522,84558.822,4
5196,1779738939.663,34769.298,63374.098,98801.771,4
5200,1779738939.852,31438.386,63083.325,95342.490,4
5204,1779738940.075,38954.686,70408.573,110036.044,4
5208,1779738940.268,32543.697,60453.573,93661.285,4
5212,1779738940.458,27191.748,63734.810,91785.478,4
5216,1779738940.660,36765.755,62517.119,100640.978,4
5220,1779738940.747,31252.705,53533.470,85523.831,4
5224,1779738940.867,31937.132,68940.830,101545.526,4
5228,1779738941.059,31931.041,60408.571,94878.766,4
5232,1779738941.266,43329.345,64033.545,108030.326,4
5236,1779738941.457,34362.553,60206.590,95294.950,4
5240,1779738941.637,27137.968,48239.559,76037.114,4
5244,1779738941.849,29032.585,53841.190,83570.023,4
5248,1779738942.006,32812.110,72421.301,105882.896,4
5252,1779738942.092,28347.449,56254.642,85282.338,4
5256,1779738942.256,34882.388,57177.591,92718.556,4
5260,1779738942.467,30340.747,62319.288,97203.807,4
5264,1779738942.645,24972.358,54995.112,81330.672,4
5268,1779738942.856,29982.314,59778.916,90429.005,4
5272,1779738943.061,34410.774,59478.032,94563.904,4
5276,1779738943.251,27070.727,57986.049,85700.133,4
5280,1779738943.334,26684.044,55007.803,82344.022,4
5284,1779738943.455,32540.807,59407.273,93070.150,4
5288,1779738943.637,26194.639,52842.961,80317.703,4
5292,1779738943.845,26105.138,60697.205,87497.079,4
5296,1779738944.050,28161.208,61203.369,90032.602,4
5300,1779738944.259,30240.356,66518.107,97414.649,4
5304,1779738944.448,29088.495,59957.906,90368.065,4
5308,1779738944.636,25382.692,67386.355,93406.463,4
5312,1779738944.718,28794.093,51895.615,81381.313,4
5316,1779738944.845,23426.803,55745.999,79844.799,4
5320,1779738945.063,32210.405,70062.100,103148.032,4
5324,1779738945.249,29698.091,59720.216,90271.634,4
5328,1779738945.452,30596.830,64420.548,95694.623,4
5332,1779738945.657,33404.825,59887.727,93963.278,4
5336,1779738945.850,27024.367,58229.872,87774.231,4
5340,1779738945.971,36289.791,71629.605,108597.022,4
5344,1779738946.052,25784.055,53350.968,79803.159,4
5348,1779738946.263,24355.492,55536.367,80673.487,4
5352,1779738946.464,38831.685,61478.811,101095.793,4
5356,1779738946.653,26089.519,64154.875,90897.000,4
5360,1779738946.857,30597.089,63755.853,95042.378,4
5364,1779738947.061,33786.098,63308.399,97758.003,4
5368,1779738947.246,25937.457,62070.786,88897.461,4
5372,1779738947.325,24063.930,53170.887,78407.696,4
5376,1779738947.449,24225.101,59405.203,84353.560,4
5380,1779738947.676,36113.640,67968.892,110582.190,4
5384,1779738947.843,26337.911,56907.339,83913.676,4
5388,1779738948.063,31997.422,64568.130,98256.467,4
5392,1779738948.262,38412.181,65130.896,104280.242,4
5396,1779738948.460,31398.446,61373.801,93421.163,4
5400,1779738948.614,33163.192,60184.878,94003.348,4
5404,1779738948.693,23745.447,54005.182,78405.966,4
5408,1779738948.832,22497.666,47499.934,70644.465,4
5412,1779738949.044,24352.302,54929.592,80449.135,4
5416,1779738949.262,36585.334,66929.462,104234.442,4
5420,1779738949.463,32327.815,58971.439,91977.160,4
5424,1779738949.656,33143.883,55525.528,89365.066,4
5428,1779738949.853,31017.923,59700.857,91366.594,4
5432,1779738949.944,26272.980,63629.030,90547.807,4
5436,1779738950.047,26446.472,58060.910,86305.949,4
5440,1779738950.269,34265.823,71254.401,106364.951,4
5444,1779738950.448,26619.793,61466.691,88771.951,4
5448,1779738950.645,28678.802,51676.042,81056.930,4
5452,1779738950.844,26253.590,55132.583,82066.269,4
5456,1779738951.050,27435.371,54310.857,82424.763,4
5460,1779738951.249,27895.555,50040.528,78579.978,4
5464,1779738951.459,37306.701,60218.720,98186.557,4
5468,1779738951.658,32391.466,61727.313,94824.026,4
5472,1779738951.832,22768.948,47609.824,71031.799,4
5476,1779738952.050,32715.719,55323.835,88943.972,4
5480,1779738952.249,28981.495,54265.315,83923.586,4
5484,1779738952.445,29431.098,53603.989,83875.356,4
5488,1779738952.553,25145.270,50329.389,76122.565,4
5492,1779738952.653,25456.053,53878.321,80006.501,4
5496,1779738952.857,27447.841,66656.668,95797.345,4
5500,1779738953.061,36552.214,58612.075,96053.597,4
5504,1779738953.253,30575.459,60730.995,91961.760,4
5508,1779738953.451,28865.063,58189.210,88531.249,4
5512,1779738953.663,36572.494,59100.889,96684.903,4
5516,1779738953.848,34713.537,51405.201,86800.912,4
5520,1779738953.926,24189.451,52670.199,77509.888,4
5524,1779738954.059,28363.929,61066.968,90137.824,4
5528,1779738954.264,36545.644,66866.302,104079.191,4
5532,1779738954.434,23238.463,50498.412,74402.459,4
5536,1779738954.649,30768.041,55435.666,86888.984,4
5540,1779738954.856,29686.201,59174.609,89559.638,4
5544,1779738955.062,28682.772,64980.272,94363.982,4
5548,1779738955.210,30412.698,55731.818,87962.613,4
5552,1779738955.288,22315.074,54790.191,77771.580,4
5556,1779738955.437,24867.977,50066.387,75605.120,4
5560,1779738955.662,34304.703,65594.108,100558.009,4
5564,1779738955.866,30077.264,64318.518,95243.090,4
5568,1779738956.066,43126.334,58260.963,102076.433,4
5572,1779738956.250,30097.795,53238.218,84018.258,4
5576,1779738956.440,28296.649,51468.460,80992.880,4
5580,1779738956.563,26807.265,58928.768,86386.349,4
5584,1779738956.669,36653.825,62086.389,99430.249,4
5588,1779738956.843,26246.559,49515.921,76563.319,4
5592,1779738957.054,23029.000,69347.483,93063.240,4
5596,1779738957.261,36689.675,62245.586,101177.334,4
5600,1779738957.457,33736.908,56981.081,91385.515,4
5604,1779738957.663,33424.476,59379.753,93482.334,4
5608,1779738957.873,36318.292,69900.307,106943.747,4
5612,1779738957.964,32062.543,57849.428,90657.029,4
5616,1779738958.080,30496.048,76244.746,107430.722,4
5620,1779738958.249,26111.448,60287.880,87083.356,4
5624,1779738958.451,24052.060,59669.705,88427.698,4
5628,1779738958.648,25528.144,60560.702,87000.645,4
5632,1779738958.864,42080.515,62678.663,105447.913,4
5636,1779738959.066,31713.250,66043.393,98485.900,4
5640,1779738959.209,22664.237,63254.359,86591.561,4
5644,1779738959.306,28111.257,67441.176,96213.539,4
5648,1779738959.453,28501.840,62329.269,91518.846,4
5652,1779738959.660,29025.295,60250.861,90239.504,4
5656,1779738959.849,31803.780,54625.049,87127.416,4
5660,1779738960.068,37908.286,63520.591,102778.869,4
5664,1779738960.256,28560.491,60019.828,89245.365,4
5668,1779738960.464,37247.420,63814.744,101723.680,4
5672,1779738960.547,21886.189,55356.705,77905.732,4
5676,1779738960.663,32570.288,55706.180,88978.243,4
5680,1779738960.865,37063.238,64856.624,102578.627,4
5684,1779738961.064,29452.029,66286.564,96571.263,4
5688,1779738961.258,28745.003,62771.283,92168.673,4
5692,1779738961.456,35517.664,58113.392,94320.882,4
5696,1779738961.663,30532.819,60488.782,91685.838,4
5700,1779738961.847,26272.050,58114.001,85573.112,4
5704,1779738961.921,23276.373,49302.020,73216.660,4
5708,1779738962.056,31884.601,56385.844,88960.223,4
5712,1779738962.262,33777.678,64902.474,99440.229,4
5716,1779738962.451,29244.097,58234.031,88524.279,4
5720,1779738962.668,37637.214,64200.228,102499.897,4
5724,1779738962.863,32717.809,68929.820,103315.434,4
5728,1779738963.061,32945.251,59960.327,94217.001,4
5732,1779738963.257,30459.608,63662.301,94830.387,4
5736,1779738963.456,31307.186,62176.730,94141.871,4
5740,1779738963.657,28911.354,59343.421,88951.993,4
5744,1779738963.860,32340.536,60332.512,99072.775,4
5748,1779738964.058,31117.194,60503.382,92488.865,4
5752,1779738964.261,27506.752,58611.105,86845.804,4
5756,1779738964.464,40113.367,60998.758,102510.857,4
5760,1779738964.569,29152.456,64515.710,94327.192,4
5764,1779738964.647,26622.694,49348.890,76606.970,4
5768,1779738964.842,29830.282,51834.892,82476.814,4
5772,1779738965.062,36694.485,61167.558,98555.761,4
5776,1779738965.263,34238.913,61010.438,95938.397,4
5780,1779738965.456,32978.541,59110.781,92928.140,4
5784,1779738965.653,34045.731,54345.647,89076.414,4
5788,1779738965.849,27064.617,60059.010,87783.173,4
5792,1779738965.928,24500.954,53467.660,78629.169,4
5796,1779738966.047,25815.726,55018.972,81529.175,4
5800,1779738966.247,27575.392,58166.932,86406.280,4
5804,1779738966.463,31188.185,61655.095,93697.697,4
5808,1779738966.654,30982.784,57023.602,88675.220,4
5812,1779738966.854,33348.015,56763.248,90784.440,4
5816,1779738967.075,36593.774,71808.935,109094.117,4
5820,1779738967.236,25531.914,61298.360,87959.254,4
5824,1779738967.326,29355.798,58818.306,88859.233,4
5828,1779738967.443,25488.923,56191.053,82354.373,4
5832,1779738967.637,23162.952,51154.076,74994.595,4
5836,1779738967.851,38523.432,50166.479,89319.927,4
5840,1779738968.048,28654.362,56341.924,86406.970,4
5844,1779738968.257,29434.809,64336.289,94526.814,4
5848,1779738968.455,29061.846,59943.919,90246.855,4
5852,1779738968.566,35058.220,60105.479,95892.917,4
5856,1779738968.643,22760.968,51906.365,75335.859,4
5860,1779738968.858,36654.685,59338.893,96810.575,4
5864,1779738969.056,26650.244,61028.437,90802.090,4
5868,1779738969.265,31914.822,70684.956,103272.484,4
5872,1779738969.453,32719.620,58426.995,91847.119,4
5876,1779738969.641,23795.018,49477.803,74401.740,4
5880,1779738969.834,24766.966,48821.217,74229.109,4
5884,1779738969.914,21985.001,57354.295,80013.332,4
5888,1779738970.077,30701.541,80724.238,116998.240,4
5892,1779738970.252,27329.530,56200.334,84282.490,4
5896,1779738970.482,28626.331,83963.258,113309.256,4
5900,1779738970.667,40896.484,62368.879,104021.681,4
5904,1779738970.854,28483.461,58968.109,88270.417,4
5908,1779738971.078,36114.670,72151.770,108968.327,4
5912,1779738971.217,23807.378,59718.985,84174.300,4
5916,1779738971.300,25803.136,55899.191,82417.854,4
5920,1779738971.458,31053.744,62769.103,95088.559,4
5924,1779738971.658,31148.775,59798.345,91816.509,4
5928,1779738971.857,35825.498,56685.688,93200.872,4
5932,1779738972.061,33504.636,63770.644,97955.926,4
5936,1779738972.265,38530.052,58974.430,98169.968,4
5940,1779738972.457,36368.753,58163.541,95192.480,4
5944,1779738972.566,27431.031,59128.100,87228.538,4
5948,1779738972.659,26047.978,50803.275,77517.449,4
5952,1779738972.832,21935.430,47283.312,69863.629,4
5956,1779738973.054,32480.887,57474.125,90634.148,4
5960,1779738973.261,34365.604,58582.256,94187.361,4
5964,1779738973.458,32357.686,62264.650,96391.011,4
5968,1779738973.646,23868.168,60177.771,84710.304,4
5972,1779738973.858,35167.541,61966.096,97810.104,4
5976,1779738973.937,28844.734,48659.164,78172.185,4
5980,1779738974.068,31161.555,69668.139,101527.339,4
5984,1779738974.253,28762.023,54295.198,89825.961,4
5988,1779738974.451,25963.547,61938.796,88569.740,4
5992,1779738974.657,29003.706,60979.817,90645.029,4
5996,1779738974.868,35111.651,66722.721,102496.137,4
6000,1779738975.073,40007.576,69806.189,110499.071,4
6004,1779738975.250,31535.668,52083.476,84269.931,4
6008,1779738975.331,28625.932,50366.652,80080.003,4
6012,1779738975.456,24277.962,55182.915,84090.599,4
6016,1779738975.656,29998.994,56434.017,87709.412,4
6020,1779738975.857,35199.852,58677.807,94544.184,4
6024,1779738976.078,33330.245,74317.300,108890.596,4
6028,1779738976.244,29557.260,51875.634,82147.941,4
6032,1779738976.467,33384.035,62641.573,96719.744,4
6036,1779738976.583,26517.613,57520.795,84926.837,4
6040,1779738976.664,22949.369,56025.241,79891.191,4
6044,1779738976.850,29236.067,56998.412,87084.697,4
6048,1779738977.069,34586.386,64308.939,99620.721,4
6052,1779738977.270,28397.950,63098.337,97992.786,4
6056,1779738977.467,34014.091,61622.034,96976.827,4
6060,1779738977.663,35586.026,62793.744,99485.439,4
6064,1779738977.875,35583.076,68207.014,104448.325,4
6068,1779738977.968,33646.907,57950.739,92288.864,4
6072,1779738978.076,31738.721,73958.266,106483.364,4
6076,1779738978.267,37610.084,64544.059,102825.580,4
6080,1779738978.462,35125.332,61921.737,97826.904,4
6084,1779738978.659,29082.716,52254.378,82011.500,4
6088,1779738978.853,28377.110,55302.186,84354.642,4
6092,1779738979.058,26948.396,61124.659,88763.272,4
6096,1779738979.236,36499.284,58435.384,95792.836,4
6100,1779738979.320,28393.959,54135.056,83683.826,4
6104,1779738979.452,26782.635,48780.697,80946.560,4
6108,1779738979.646,23184.962,51466.730,75437.070,4
6112,1779738979.857,31112.935,58861.439,90626.288,4
6116,1779738980.056,29916.123,56746.990,87388.809,4
6120,1779738980.260,36047.299,60655.764,97778.854,4
6124,1779738980.448,27302.690,58915.298,86890.294,4
6128,1779738980.547,29190.047,56659.168,86646.072,4
6132,1779738980.672,33579.637,67800.159,102045.623,4
6136,1779738980.857,31609.789,58511.216,90798.261,4
6140,1779738981.064,32455.757,60414.042,93550.886,4
6144,1779738981.264,31341.016,61660.674,94165.091,4
6148,1779738981.453,32704.470,56280.475,89674.310,4
6152,1779738981.648,27967.816,54960.144,83882.638,4
6156,1779738981.846,27920.246,54734.512,83302.512,4
6160,1779738981.929,24300.983,57497.517,82508.735,4
6164,1779738982.046,23395.704,52829.893,77106.115,4
6168,1779738982.268,35532.345,64262.889,100465.969,4
6172,1779738982.462,34527.966,63207.439,99454.490,4
6176,1779738982.668,36480.984,59717.338,97428.282,4
6180,1779738982.839,21864.761,48115.671,70646.876,4
6184,1779738983.076,39186.089,66944.602,106822.237,4
6188,1779738983.212,27110.738,66946.163,95225.072,4
6192,1779738983.310,30126.725,63555.401,96652.374,4
6196,1779738983.464,37878.726,62546.641,101093.765,4
6200,1779738983.671,30782.361,64908.293,96374.691,4
6204,1779738983.858,28288.858,61168.190,91019.913,4
6208,1779738984.055,32110.043,57041.422,89871.392,4
6212,1779738984.245,25926.377,55609.769,82219.873,4
6216,1779738984.457,34362.555,59404.624,94428.384,4
6220,1779738984.553,29877.514,63372.101,94997.559,4
6224,1779738984.665,28565.031,58603.976,87829.444,4
6228,1779738984.869,40896.614,59802.468,103496.567,4
6232,1779738985.073,33227.674,68963.001,102888.662,4
6236,1779738985.248,29055.965,55547.679,85304.931,4
6240,1779738985.455,36335.493,57076.483,94086.621,4
6244,1779738985.658,38978.256,57602.847,97255.230,4
6248,1779738985.847,30184.936,56978.742,87814.404,4
6252,1779738985.935,26634.793,59431.664,86736.154,4
6256,1779738986.068,36396.773,59504.184,96587.144,4
6260,1779738986.257,30917.472,64499.750,96078.519,4
6264,1779738986.451,29675.962,59505.564,89832.002,4
6268,1779738986.659,31837.721,60570.585,93219.663,4
6272,1779738986.851,27606.963,58967.870,87279.638,4
6276,1779738987.067,29579.201,66670.869,96922.437,4
6280,1779738987.176,29598.881,66081.275,97817.085,4
6284,1779738987.258,27012.837,53641.480,81708.758,4
6288,1779738987.475,30454.918,64411.220,95702.476,4
6292,1779738987.656,31178.366,58925.650,90803.011,4
6296,1779738987.857,32622.739,53848.704,87153.848,4
6300,1779738988.063,36815.157,58946.109,97238.980,4
6304,1779738988.252,27418.771,59049.351,87152.988,4
6308,1779738988.474,39266.640,67880.611,107844.267,4
6312,1779738988.565,34890.409,54224.296,89778.972,4
6316,1779738988.658,29997.844,58649.846,90228.366,4
6320,1779738988.863,33057.712,57998.720,92019.292,4
6324,1779738989.065,35578.336,57681.548,93936.419,4
6328,1779738989.269,39230.049,61446.173,101443.848,4
6332,1779738989.467,26520.013,59062.379,86279.119,4
6336,1779738989.668,31732.100,64177.588,96665.575,4
6340,1779738989.791,23836.949,55997.744,80497.397,4
6344,1779738989.895,29702.662,72965.607,103351.455,4
6348,1779738990.076,38334.641,63911.834,107130.430,4
6352,1779738990.257,30916.863,63207.248,94932.589,4
6356,1779738990.450,25382.833,63256.809,89297.427,4
6360,1779738990.661,30287.828,60236.191,91181.194,4
6364,1779738990.856,31940.312,57123.404,89722.721,4
6368,1779738991.060,33663.458,62902.035,97299.920,4
6372,1779738991.159,27509.102,54612.389,82780.457,4
6376,1779738991.266,30495.899,57699.638,88871.324,4
6380,1779738991.461,31093.095,63722.544,95477.393,4
6384,1779738991.669,31548.539,69054.583,101274.887,4
6388,1779738991.871,36300.502,67850.590,104798.109,4
6392,1779738992.065,37710.195,60670.436,99744.563,4
6396,1779738992.257,31388.497,60684.165,92759.719,4
6400,1779738992.458,31406.198,62963.096,95022.089,4
6404,1779738992.545,28709.203,55850.009,85220.070,4
6408,1779738992.671,34718.767,63117.207,98669.843,4
6412,1779738992.868,43492.878,61633.254,105796.079,4
6416,1779738993.046,22867.260,49774.326,73321.371,4
6420,1779738993.253,30025.035,60389.432,91070.933,4
6424,1779738993.457,30476.069,62814.615,94002.460,4
6428,1779738993.659,33385.576,56424.407,91660.309,4
6432,1779738993.814,27588.923,58851.670,87079.407,4
6436,1779738993.903,29313.578,58742.597,88719.572,4
6440,1779738994.065,31951.463,68607.149,101246.556,4
6444,1779738994.265,35261.013,60625.894,97047.178,4
6448,1779738994.470,39541.522,66256.676,106504.065,4
6452,1779738994.668,31167.855,65673.423,97905.546,4
6456,1779738994.862,42097.866,55532.068,98325.830,4
6460,1779738995.072,36675.146,65782.461,103129.394,4
6464,1779738995.156,30591.700,51965.305,83198.751,4
6468,1779738995.268,27209.419,60158.611,98958.796,4
6472,1779738995.445,26238.961,55004.145,81919.760,4
6476,1779738995.664,34938.640,61931.117,97526.882,4
6480,1779738995.861,39438.261,57653.458,97736.204,4
6484,1779738996.076,30418.658,77498.899,108588.084,4
6488,1779738996.260,34467.865,62382.982,97530.503,4
6492,1779738996.466,31766.560,63019.027,95438.054,4
6496,1779738996.549,24786.747,57063.101,82565.846,4
6500,1779738996.655,24166.121,53016.975,77865.253,4
6504,1779738996.848,26628.544,53538.372,80875.761,4
6508,1779738997.051,29217.978,51051.908,81445.786,4
6512,1779738997.247,29292.708,54101.586,84067.570,4
6516,1779738997.452,30284.027,56514.338,87610.622,4
6520,1779738997.662,37905.507,60221.531,98789.844,4
6524,1779738997.778,23763.437,53548.040,81894.040,4
6528,1779738997.886,36944.228,68245.796,107144.781,4
6532,1779738998.073,31641.430,66695.839,99025.636,4
6536,1779738998.256,34739.868,58421.775,93837.189,4
6540,1779738998.476,39124.838,59821.889,101071.776,4
6544,1779738998.669,30802.012,66636.920,98106.779,4
6548,1779738998.857,30598.291,56256.026,87566.462,4
6552,1779738999.078,36594.325,70882.427,108221.531,4
6556,1779738999.165,30596.650,55092.255,86333.751,4
6560,1779738999.263,29783.103,61177.930,91645.589,4
6564,1779738999.455,32650.109,59463.494,92787.369,4
6568,1779738999.658,37318.352,53090.426,92136.534,4
6572,1779738999.848,30448.859,50602.583,81704.278,4
6576,1779739000.065,30689.401,66014.224,97501.563,4
6580,1779739000.257,29241.878,62913.187,92814.030,4
6584,1779739000.439,26519.952,62159.209,89340.838,4
6588,1779739000.528,30083.326,57578.678,88591.101,4
6592,1779739000.650,24859.808,58975.529,84514.513,4
6596,1779739000.865,29298.458,61557.305,91528.688,4
6600,1779739001.060,36270.582,55003.852,91947.992,4
6604,1779739001.257,29450.060,62791.505,93138.933,4
6608,1779739001.465,31794.791,62528.423,94985.030,4
6612,1779739001.668,38239.011,65036.887,103954.862,4
6616,1779739001.771,23227.353,52270.338,76274.448,4
6620,1779739001.872,24256.132,57750.569,82696.008,4
6624,1779739002.069,37040.239,58661.067,96943.918,4
6628,1779739002.257,32389.116,57028.502,90670.820,4
6632,1779739002.452,29930.034,55800.940,86386.061,4
6636,1779739002.669,33152.354,65287.639,99176.578,4
6640,1779739002.877,38789.635,65770.162,105240.884,4
6644,1779739003.063,27905.926,70471.337,99047.937,4
6648,1779739003.145,25851.827,54359.958,81032.772,4
6652,1779739003.252,25516.203,56463.617,82647.187,4
6656,1779739003.460,37193.421,59946.229,97819.906,4
6660,1779739003.662,36045.700,63088.805,99804.444,4
6664,1779739003.860,31330.527,58025.632,90018.105,4
6668,1779739004.070,36238.702,62657.104,99591.312,4
6672,1779739004.261,25790.426,56798.171,83284.523,4
6676,1779739004.467,30171.586,65952.594,98091.198,4
6680,1779739004.673,35232.692,69316.943,106324.294,4
6684,1779739004.878,31367.578,70940.531,102979.803,4
6688,1779739005.068,27016.177,73877.427,101563.770,4
6692,1779739005.252,31562.359,53014.527,85235.501,4
6696,1779739005.464,30612.540,56578.778,88533.051,4
6700,1779739005.673,34830.239,68562.817,104060.143,4
6704,1779739005.787,34151.252,60026.210,94842.079,4
6708,1779739005.866,22467.036,54877.604,78359.598,4
6712,1779739006.036,22229.983,49350.962,72257.892,4
6716,1779739006.251,29065.906,53733.502,83503.494,4
6720,1779739006.453,33333.746,57197.485,91201.475,4
6724,1779739006.669,36969.759,65469.818,103261.505,4
6728,1779739006.866,38804.005,64095.057,103568.098,4
6732,1779739007.050,26182.949,54191.776,81060.622,4
6736,1779739007.133,23580.876,56644.121,81103.153,4
6740,1779739007.264,31628.780,61394.623,94599.487,4
6744,1779739007.465,33400.815,65452.829,99528.531,4
6748,1779739007.652,31412.817,56099.184,88287.279,4
6752,1779739007.872,33898.760,67909.831,102698.650,4
6756,1779739008.065,36837.247,59865.059,97386.012,4
6760,1779739008.255,30751.902,59404.784,90858.873,4
6764,1779739008.463,36331.323,61247.011,98233.880,4
6768,1779739008.542,26206.270,51151.809,78377.828,4
6772,1779739008.668,29096.996,63251.649,93724.118,4
6776,1779739008.855,32475.908,56224.695,89403.189,4
6780,1779739009.068,33867.560,60359.471,94896.070,4
6784,1779739009.261,37098.900,57075.471,94845.338,4
6788,1779739009.461,33844.580,63961.847,98471.382,4
6792,1779739009.652,25980.898,60949.708,88011.626,4
6796,1779739009.849,27698.384,59674.187,89164.297,4
6800,1779739009.932,25876.567,55875.791,82539.496,4
6804,1779739010.069,22215.054,74022.530,96969.228,4
6808,1779739010.277,45264.015,64058.797,111137.828,4
6812,1779739010.450,22351.695,52498.570,75642.613,4
6816,1779739010.656,29539.851,59788.968,90034.345,4
6820,1779739010.857,36346.703,55583.760,92599.848,4
6824,1779739011.055,29178.467,60423.793,90287.117,4
6828,1779739011.166,27424.491,55896.383,87788.764,4
6832,1779739011.261,28589.322,57245.445,87722.564,4
6836,1779739011.457,26469.453,59661.186,86797.595,4
6840,1779739011.653,30143.606,51274.899,82085.752,4
6844,1779739011.847,24437.554,48157.390,73554.684,4
6848,1779739012.059,27253.430,57555.318,85665.205,4
6852,1779739012.266,37892.837,59548.506,98159.089,4
6856,1779739012.468,33533.617,63555.973,97751.225,4
6860,1779739012.552,27887.195,55191.365,84024.050,4
6864,1779739012.652,27157.279,57163.464,85044.270,4
6868,1779739012.865,31851.102,68060.434,101701.081,4
6872,1779739013.071,40432.410,60752.686,101889.773,4
6876,1779739013.267,34268.714,67690.421,102615.670,4
6880,1779739013.450,27180.379,57884.869,85780.776,4
6884,1779739013.672,35318.213,60726.616,96717.126,4
6888,1779739013.794,23746.238,56891.371,82560.426,4
6892,1779739013.881,26725.114,59162.682,86746.305,4
6896,1779739014.075,32028.834,69522.808,102250.387,4
6900,1779739014.261,23738.738,51080.108,75517.722,4
6904,1779739014.458,32163.574,55269.466,88080.497,4
6908,1779739014.653,24964.518,56828.741,83197.062,4
6912,1779739014.867,39824.225,59822.698,101052.796,4
6916,1779739015.059,31208.616,55658.031,87515.712,4
6920,1779739015.152,35611.047,56346.456,92818.630,4
6924,1779739015.260